image,k,method,mse_ours,mse_gold,ratio,log_ratio
adirondack_chairs,4,MC,1695.6496683756511,5511.25,0.30767061344988,-0.5119139825501638
adirondack_chairs,4,OCT,8963.613996717664,4509.0,1.9879383448032077,0.29840291078213194
astro_bodies,4,MC,1069.1963653564453,3481.47,0.30711060711608756,-0.512705183451323
astro_bodies,4,OCT,6082.253059387207,2217.05,2.743399138218446,0.4382889978762274
astronaut,4,MC,403.4728071424696,2521.01,0.16004411213857525,-0.7957602984818128
astronaut,4,OCT,726.2245093451606,1417.15,0.5124542280952338,-0.2903449192934824
balinese_dancer,4,MC,1201.425443013509,1805.41,0.665458506939426,-0.1768790187303071
balinese_dancer,4,OCT,3251.6902686225044,1476.06,2.202952636493438,0.34300515991487734
ball_caps,4,MC,742.9051259358724,2627.5,0.28274219826293906,-0.5486093697733315
ball_caps,4,OCT,1595.970834520128,2065.66,0.7726202930395748,-0.11203388920263045
birthday_baloons,4,MC,3699.5512415568032,12996.4,0.284659693573359,-0.5456740224839487
birthday_baloons,4,OCT,6469.258377922906,6306.64,1.0257852640903724,0.011056455920800783
bosnian_pine_needle,4,MC,838.5495546129015,2830.62,0.2962423619605957,-0.5283528382852278
bosnian_pine_needle,4,OCT,7866.7140706380205,2436.63,3.228522209214374,0.5090037782921369
buggy,4,MC,872.3947075737847,3036.61,0.28729231201036176,-0.5416759956444971
buggy,4,OCT,5021.309544881185,1946.29,2.5799390352317406,0.411609443569715
calaveras,4,MC,2806.5075539482964,6991.28,0.4014297172975902,-0.39639048042690966
calaveras,4,OCT,10348.03087955051,7090.09,1.4595062798286778,0.164205967970196
carrots,4,MC,681.179562886556,2406.07,0.2831087885583362,-0.5480466486032975
carrots,4,OCT,5194.814105563693,2122.86,2.447082758902468,0.38864865718460456
chalk_pastels,4,MC,955.0250549316406,2419.27,0.3947575322025407,-0.40366957465015163
chalk_pastels,4,OCT,2459.1080017089844,2753.1,0.8932141955283079,-0.04904438346152418
chicken_dish,4,MC,775.5112347073025,2626.08,0.29531135178947426,-0.5297198584031165
chicken_dish,4,OCT,1868.6179529825847,2594.83,0.7201311658114731,-0.14258839329093606
chili_peppers,4,MC,1655.2704459296333,5425.02,0.30511785134978914,-0.5155323826037058
chili_peppers,4,OCT,7898.476458231608,4394.93,1.797179126455167,0.2545913657867883
clownfish,4,MC,891.3050850762261,4779.94,0.1864678395704185,-0.7293960609142657
clownfish,4,OCT,6665.006839328342,2503.03,2.6627754518836535,0.42533454453897945
color_chart,4,MC,3921.025831434462,10702.4,0.366368836096059,-0.43608147519830465
color_chart,4,OCT,17936.9833340115,10370.7,1.7295827026152042,0.237941333294982
color_checker,4,MC,2466.738221062554,7835.78,0.31480442547679416,-0.5019591710186843
color_checker,4,OCT,8718.866897583008,6819.53,1.2785143400766634,0.10670560352484049
coloring_pencils,4,MC,2217.3060107760957,3473.9,0.6382757162774103,-0.19499167834528372
coloring_pencils,4,OCT,5412.992061191135,4609.14,1.1744039150885273,0.0698174903738596
columbia_crew,4,MC,1980.76515367296,3730.64,0.5309451337231574,-0.2749503552883919
columbia_crew,4,OCT,4501.146876864963,2405.22,1.8714075539306023,0.27216837817261175
common_jezebel,4,MC,969.396361456977,3083.31,0.3144011991843107,-0.5025158061500098
common_jezebel,4,OCT,3630.4739905463325,3635.05,0.9987411426380194,-0.0005470592128604731
common_lantanas,4,MC,1149.2887318929036,2381.04,0.4826835046420487,-0.3163375426259806
common_lantanas,4,OCT,4307.938363817003,2061.03,2.0901871218842047,0.3201851676249376
cosmic_vista,4,MC,846.149553934733,2736.12,0.3092516241739153,-0.5096880108001618
cosmic_vista,4,OCT,5570.365820142958,2006.53,2.7761188819220037,0.44343806000228275
craft_cards,4,MC,1182.6240734524197,3320.49,0.3561595046069766,-0.4483554614182913
craft_cards,4,OCT,3955.434809366862,3983.96,0.9928399907044403,-0.0031207381647631242
crepe_paper,4,MC,2344.963144938151,5745.52,0.4081376698607177,-0.3891933193221955
crepe_paper,4,OCT,10601.354715135363,3467.11,3.057692059131485,0.48539374538170826
cruise_ship,4,MC,821.5061984592014,2724.62,0.30151221031160363,-0.5206950955849396
cruise_ship,4,OCT,4666.677491929796,2518.16,1.853209284529099,0.2679244673403417
curler,4,MC,1314.791027492947,3096.67,0.4245822213839211,-0.37203819508879393
curler,4,OCT,7990.417492336697,2680.23,2.98124321134257,0.47439740744336967
daisy_bouquet,4,MC,2085.6703160603843,5377.34,0.38786283107640285,-0.41132183687802737
daisy_bouquet,4,OCT,12525.68239847819,6361.08,1.9691125403985157,0.2942705380158977
daisy_poster,4,MC,2162.073454115126,4610.42,0.4689536862401096,-0.32887004599182845
daisy_poster,4,OCT,4380.235523647732,1478.48,2.9626613303174425,0.47168200896209944
easter_egg_basket,4,MC,1320.4815148247612,4293.55,0.30755004945202946,-0.5120841988085255
easter_egg_basket,4,OCT,2519.774297926161,3843.6,0.6555766203367055,-0.1833765429596976
easter_eggs,4,MC,2508.6458638509116,6067.89,0.41342968706600014,-0.3835983412887096
easter_eggs,4,OCT,10382.465816073947,6943.38,1.4953042777543426,0.17472957573979997
eastern_rosella,4,MC,733.9301350911459,2527.82,0.2903411378544144,-0.5370914254931114
eastern_rosella,4,OCT,3544.0101030137803,2357.11,1.5035403960840945,0.17711510091723692
felt_ball_trivet,4,MC,1602.2137807210286,5037.2,0.31807626870504024,-0.4974687318826176
felt_ball_trivet,4,OCT,6601.642431471083,4769.1,1.3842533038667846,0.14121556873762905
fishing_nets,4,MC,2058.8625157674155,5917.9,0.347904242343976,-0.4585402754336534
fishing_nets,4,OCT,8212.308247884115,6157.11,1.3337926799885198,0.12508832962985514
floating_market,4,MC,663.6164864434136,2809.99,0.23616329113036474,-0.6267876075628569
floating_market,4,OCT,6217.2699635823565,1771.22,3.5101624663126865,0.5453272180584713
fruit_dessert,4,MC,1171.9356689453125,3166.23,0.3701359878926397,-0.43163868690339496
fruit_dessert,4,OCT,2470.7938707139756,3100.46,0.796912029413047,-0.09858961743591511
fruit_stand,4,MC,907.3547905815972,3394.96,0.2672652374642403,-0.5730575251912418
fruit_stand,4,OCT,8425.97349802653,3102.45,2.715909522482725,0.43391529780986404
fruits,4,MC,1234.271386888292,3897.31,0.3166982834027296,-0.4993542906247493
fruits,4,OCT,10222.452105204264,3856.35,2.650810249381997,0.4233786411258799
fruits_veggies,4,MC,1385.4456609090169,6440.51,0.2151142783582382,-0.6673307620607443
fruits_veggies,4,OCT,3934.555553012424,3455.64,1.1385895385550648,0.05636718916402313
german_hot_air_balloon,4,MC,1101.247829861111,3198.15,0.344339017826278,-0.4630137636253836
german_hot_air_balloon,4,OCT,2274.6738705105254,2955.56,0.7696253402098165,-0.11372064142227331
girl,4,MC,496.22003089057074,1657.1,0.29945086650809893,-0.5236744258786824
girl,4,OCT,3047.4814224243164,1476.68,2.0637385367339682,0.3146546739403794
gourds,4,MC,1245.5245912339951,3414.55,0.3647697621162364,-0.4379811700430399
gourds,4,OCT,7094.0401128133135,3130.16,2.2663506379269154,0.3553271024983431
grilled_food,4,MC,1441.3437966240776,4524.45,0.3185677367689062,-0.49679820986801454
grilled_food,4,OCT,9926.49501715766,3852.28,2.576784402265064,0.4110780829577406
hard_candy,4,MC,1774.8318133884006,6613.98,0.2683455065464971,-0.5713056725900992
hard_candy,4,OCT,5084.810903761122,3633.44,1.3994481548508086,0.14595681385664583
italian_hot_air_balloon,4,MC,2307.61077287462,5000.25,0.461499079620943,-0.33582916076145874
italian_hot_air_balloon,4,OCT,8229.256807115344,4649.11,1.7700714345574409,0.24799079348502517
jacksons_chameleon,4,MC,1255.1856240166558,2748.77,0.4566353765562982,-0.3404304457848152
jacksons_chameleon,4,OCT,5354.830175611708,3075.85,1.7409269553494833,0.24078054966176168
king_penguin,4,MC,406.44335683186847,2662.22,0.15267083743337084,-0.8162439121990489
king_penguin,4,OCT,3354.088190714518,2157.02,1.554963881055585,0.19172030561981349
king_vulture,4,MC,1439.294713338216,4078.13,0.3529300717088999,-0.4523113356303183
king_vulture,4,OCT,5367.239350212945,3924.68,1.367561011397858,0.13594671074393777
kingfisher,4,MC,964.5084720187717,1941.16,0.4968722166224174,-0.30375528682241987
kingfisher,4,OCT,2164.4850997924805,1810.67,1.1954056232181902,0.07751529443466014
korean_dancer,4,MC,1091.715195549859,4663.95,0.2340752357014674,-0.6306445306310154
korean_dancer,4,OCT,8612.6118850708,3653.15,2.357585066332015,0.3724673718959316
lights,4,MC,3525.6629189385308,10153.6,0.34723279614506486,-0.45937926243513777
lights,4,OCT,13781.527991400824,8710.74,1.5821305642690315,0.19924232050287585
macarons,4,MC,2111.97673119439,6868.14,0.3075034479778208,-0.5121500101996342
macarons,4,OCT,9501.2791112264,5675.41,1.6741132554698956,0.2237848351159236
macaws,4,MC,1082.5788074069553,3047.91,0.3551872618964981,-0.4495426177449524
macaws,4,OCT,2839.3242179022895,2656.79,1.0687047971056387,0.02885775881669291
malayan_banded_pitta,4,MC,564.4178941514757,2136.66,0.26415896499746133,-0.5781346456892914
malayan_banded_pitta,4,OCT,1207.833767361111,1564.36,0.7720945098066373,-0.1123295357066189
mandarin_ducks,4,MC,507.0468020968967,1135.74,0.446446195517369,-0.3502308736128699
mandarin_ducks,4,OCT,1893.2935579087998,1147.94,1.6492966164684564,0.21729876802240275
mandarinfish,4,MC,1090.3069212171768,3680.5,0.2962388048409664,-0.5283580530920878
mandarinfish,4,OCT,2920.010346306695,3587.21,0.81400596739714,-0.08937241132928794
mangoes,4,MC,957.8304672241211,2621.5,0.3653749636559684,-0.4372612148339958
mangoes,4,OCT,1909.096065097385,1716.61,1.1121315063394628,0.04615614435101897
marrakech_museum,4,MC,1477.6382887098525,5106.89,0.2893421022794406,-0.5385883673984779
marrakech_museum,4,OCT,8703.972448560926,4527.44,1.9224931635893412,0.2838648041193963
maya_beach,4,MC,706.4084930419922,2857.52,0.24721034079971171,-0.6069333666806175
maya_beach,4,OCT,4885.2411202324765,2223.14,2.1974509568594316,0.34191919118471653
medicine_packets,4,MC,3073.313900417752,6970.13,0.4409263385930753,-0.35563395795756675
medicine_packets,4,OCT,8554.99934302436,6711.04,1.274765065179817,0.10543015316416487
moroccan_babouches,4,MC,797.431022644043,2575.24,0.30965308967088234,-0.5091245823092757
moroccan_babouches,4,OCT,7095.084049648709,2307.73,3.074486204906427,0.4877725487235011
motocross,4,MC,570.2878926595052,2157.78,0.2642938078300407,-0.5779130118843592
motocross,4,OCT,3425.2849731445312,1504.67,2.2764360113144617,0.3572554471662356
motorcycle,4,MC,1108.3554161919487,3995.95,0.2773696908599829,-0.5569409975216476
motorcycle,4,OCT,7410.73237186008,3030.14,2.445673259935211,0.38839843516727734
mural,4,MC,785.3130993313259,2578.63,0.30454663884749883,-0.5163461892607023
mural,4,OCT,4161.353467305501,2266.88,1.8357184620736435,0.26380607569775083
nylon_cords,4,MC,2287.1192474365234,5223.19,0.4378778576763479,-0.35864701537446425
nylon_cords,4,OCT,7441.328781975641,4144.08,1.7956527822763173,0.254222362776863
paper_clips,4,MC,1952.0640131632488,4204.16,0.46431725080949554,-0.3331851806625004
paper_clips,4,OCT,3264.1576029459634,5333.19,0.612045999288599,-0.21321593653665982
peacock,4,MC,784.2960611979166,2439.65,0.3214789257466918,-0.4928474915792771
peacock,4,OCT,1601.8244840833877,2417.02,0.6627270291861002,-0.17866531643622774
pencils,4,MC,1021.7219729953342,2227.93,0.4585969815009153,-0.338568808135976
pencils,4,OCT,4270.113828870985,2254.05,1.894418415239673,0.27747590674790445
pigments,4,MC,1602.053956773546,4841.12,0.3309263056428153,-0.4802687089917408
pigments,4,OCT,6428.503133985731,4265.9,1.5069512023220732,0.1780991893382712
pink_mosque,4,MC,1526.0855017768013,4078.89,0.37414235288934033,-0.42696312691268706
pink_mosque,4,OCT,3264.147176106771,4211.41,0.7750722860293278,-0.11065779173926593
plushies,4,MC,892.6680976019966,3789.99,0.23553310103773273,-0.6279480499455482
plushies,4,OCT,9091.918245103625,3125.78,2.908687829950804,0.4636971138202346
prickly_pears,4,MC,824.4832263522678,3203.3,0.2573855793563724,-0.5894157891386796
prickly_pears,4,OCT,7247.812816196018,2828.21,2.5626855205928902,0.40869531509925544
puffin,4,MC,902.0116382175022,2995.66,0.3011061462974778,-0.5212803794064199
puffin,4,OCT,6930.239366319444,2649.19,2.61598426927455,0.4176351281125507
race_car,4,MC,1889.731339348687,2633.29,0.7176313050779394,-0.14409862441482715
race_car,4,OCT,2088.3164443969727,2432.5,0.8585062464119106,-0.06625654060515498
red_eyed_tree_frog,4,MC,753.2901102701823,2236.98,0.33674423118230035,-0.4726998355074381
red_eyed_tree_frog,4,OCT,1681.3624716864692,1843.9,0.9118512238659738,-0.04007601465931033
red_knobbed_starfish,4,MC,1022.3779813978407,2783.25,0.36733242841923675,-0.434940730075991
red_knobbed_starfish,4,OCT,8436.825972663031,2539.85,3.3217811967884057,0.5213710224088848
rescue_helicopter,4,MC,816.2283723619249,1759.06,0.46401394629058984,-0.33346896619937677
rescue_helicopter,4,OCT,4310.797880384657,2540.78,1.6966435033275833,0.22959059847425786
rose_bouquet,4,MC,1235.8730994330513,4337.36,0.28493671252398955,-0.545251590706504
rose_bouquet,4,OCT,8723.6791144477,3592.91,2.4280260608942887,0.38525334387020604
sagami_temple,4,MC,1052.0441402859158,3132.71,0.33582557603031105,-0.47388623164688304
sagami_temple,4,OCT,4422.452039930556,3057.23,1.4465552280759235,0.1603350192427277
salad_bowl,4,MC,1180.5500310262044,4459.08,0.2647519288790971,-0.5771608671090646
salad_bowl,4,OCT,8059.388286166721,3591.93,2.243748705060155,0.35097421527709455
schoolgirls,4,MC,1055.5418963962131,3983.7,0.26496520731887774,-0.576811149691291
schoolgirls,4,OCT,9441.451705932617,3178.28,2.97061671908473,0.4728466209976995
seattle_great_wheel,4,MC,1838.4793201022678,3089.92,0.59499253058405,-0.2254884862823611
seattle_great_wheel,4,OCT,6832.320699055989,4320.39,1.5814129509271129,0.19904529111580793
shawls,4,MC,2033.840222676595,4969.81,0.40923902979723464,-0.38802295360785355
shawls,4,OCT,6930.554584927029,4911.65,1.4110440656249996,0.14954057658847478
shopping_bags,4,MC,862.7826978895399,1865.28,0.4625486242760014,-0.3348426063957258
shopping_bags,4,OCT,1237.7136637369792,2328.9,0.531458484150019,-0.2745306555221844
siberian_tiger,4,MC,559.8027699788412,1931.0,0.28990303986475463,-0.5377472306968584
siberian_tiger,4,OCT,3545.8523059421113,1553.31,2.2827718265781534,0.3584625039517636
skiers,4,MC,681.3370022243923,2164.45,0.3147852813529499,-0.5019855824649287
skiers,4,OCT,2462.4814359876846,2108.12,1.1680935791073017,0.06747763666503974
spices,4,MC,523.802490234375,2141.79,0.24456295446069642,-0.6116093277239569
spices,4,OCT,4531.085835774739,1921.21,2.3584542219615448,0.37262745092624444
sports_bicycles,4,MC,1243.2777455647786,3857.6,0.32229306967150007,-0.4917490331031953
sports_bicycles,4,OCT,8046.550120883518,3166.42,2.541213774825676,0.4050412007929922
sun_parakeet,4,MC,617.4518441094292,2456.86,0.2513174719395607,-0.5997773176025284
sun_parakeet,4,OCT,6621.828028361003,1835.26,3.608114397066902,0.5572802986113943
tablet,4,MC,1328.0274386935764,2905.62,0.4570547555060801,-0.3400317680053015
tablet,4,OCT,2911.5619549221465,3232.44,0.9007319408626754,-0.04540443646302483
textile_market,4,MC,1950.1223220825195,4674.48,0.4171848680671475,-0.3796714524845288
textile_market,4,OCT,4686.014442443848,5126.27,0.9141177586127628,-0.03899785391444835
trade_fair_tower,4,MC,412.55074310302734,1169.91,0.3526345984759745,-0.45267507947275704
trade_fair_tower,4,OCT,1847.1631418863933,1433.09,1.288937290670086,0.11023178858813054
traffic,4,MC,791.4173634847006,3126.57,0.2531263856189692,-0.5966625820979463
traffic,4,OCT,3922.5072860717773,2310.63,1.6975921225257948,0.2298333512700857
tulip_field,4,MC,2347.498359680176,6500.33,0.361135259237635,-0.4423301074059514
tulip_field,4,OCT,10555.09142473009,5114.24,2.0638631399250116,0.31468089472550026
umbrellas,4,MC,1910.6965798272026,4198.86,0.45505127101813414,-0.3419396682532066
umbrellas,4,OCT,11554.264599270291,4953.26,2.3326586125643094,0.36785118391668686
veggie_pizza,4,MC,678.2600190904406,1846.79,0.36726429052054677,-0.43502129649490207
veggie_pizza,4,OCT,5167.908847384982,1815.99,2.845780454399519,0.4542013921921722
veggies,4,MC,1544.4967329237197,5639.34,0.27387898813047623,-0.5624412853401445
veggies,4,OCT,7684.09238518609,4068.27,1.8887862371932271,0.2761828095573218
venetian_lagoon,4,MC,930.4803949991862,3567.32,0.26083457469450066,-0.5836348416065228
venetian_lagoon,4,OCT,7864.534000820584,2622.92,2.9983888188814696,0.47688794970824017
vintage_cars,4,MC,1242.3811781141494,4931.56,0.25192457926379264,-0.5987294580760165
vintage_cars,4,OCT,2315.8030632866753,3747.1,0.6180254232037243,-0.2089936593286742
wooden_toys,4,MC,777.7303068372938,3098.46,0.25100543716468626,-0.6003168709291402
wooden_toys,4,OCT,2364.1789847479927,2671.92,0.8848240159690383,-0.053143098221470564
wool_carder_bee,4,MC,871.6082034640842,2701.7,0.3226147253448141,-0.4913158136673124
wool_carder_bee,4,OCT,6272.292121039496,2377.18,2.638543198680578,0.4213642089148939
yasaka_pagoda,4,MC,376.5692350599501,1431.62,0.2630371432782094,-0.5799829207810376
yasaka_pagoda,4,OCT,2486.0806605021157,1232.46,2.0171694501258584,0.30474238218081445
adirondack_chairs,16,MC,850.0987964206272,1796.25,0.47326307385977856,-0.32489737984333644
adirondack_chairs,16,OCT,3179.001484341092,1391.58,2.2844547092808836,0.3587825523219613
astro_bodies,16,MC,235.36363644070096,706.715,0.33303897107136676,-0.47750494387817904
astro_bodies,16,OCT,947.288225809733,567.32,1.669759969346635,0.22265404511135292
astronaut,16,MC,107.04298570421007,318.618,0.33596025869288637,-0.47371209300053224
astronaut,16,OCT,275.3589358859592,276.988,0.9941186473275349,-0.0025617797831581184
balinese_dancer,16,MC,172.04109954833984,672.205,0.2559354654433392,-0.5918695289658091
balinese_dancer,16,OCT,411.86760965983075,492.303,0.8366140560992534,-0.07747484303645323
ball_caps,16,MC,330.7508960300022,999.079,0.3310557984203473,-0.4800988010770083
ball_caps,16,OCT,343.9320136176215,668.183,0.51472727324344,-0.28842281969363137
birthday_baloons,16,MC,453.27042897542316,1183.79,0.3828976667951437,-0.41691728003800455
birthday_baloons,16,OCT,1575.7273449367947,745.827,2.112724995121918,0.32484297037281856
bosnian_pine_needle,16,MC,244.3131832546658,860.283,0.2839916437435888,-0.5466944385777501
bosnian_pine_needle,16,OCT,1493.6918216281467,660.067,2.2629397040423878,0.3546729823460082
buggy,16,MC,208.52572886149088,464.074,0.44933723686629906,-0.3474275896521199
buggy,16,OCT,591.931176079644,464.764,1.2736166658339374,0.10503873336498178
calaveras,16,MC,1134.691244337294,2617.03,0.43357976191992215,-0.36293099743744267
calaveras,16,OCT,4307.7480053371855,2005.7,2.1477529068839734,0.3319843155054048
carrots,16,MC,294.9158214992947,762.551,0.3867489800672934,-0.41257082294657926
carrots,16,OCT,769.3536487155491,647.567,1.1880680280427338,0.07484130879140066
chalk_pastels,16,MC,384.4180204603407,997.489,0.3853857240133382,-0.414104377114566
chalk_pastels,16,OCT,930.2352023654514,890.615,1.0444863407481924,0.018902764874991308
chicken_dish,16,MC,349.8608898586697,1099.46,0.3182115673682259,-0.49728403728251763
chicken_dish,16,OCT,459.2628690931532,857.051,0.5358641073788528,-0.270945331385836
chili_peppers,16,MC,591.5587446424696,1958.05,0.30211626089347543,-0.5198258989364075
chili_peppers,16,OCT,3008.092842102051,1370.05,2.1956080742323643,0.34155481920746117
clownfish,16,MC,517.3462422688802,998.83,0.5179522463971649,-0.28571027902352125
clownfish,16,OCT,1062.9259618123372,755.172,1.4075283005889216,0.14845713579055225
color_chart,16,MC,2162.3632041083442,4033.44,0.5361089303691995,-0.2707469583449942
color_chart,16,OCT,9827.04970296224,3892.61,2.524540013759981,0.402182258619321
color_checker,16,MC,822.1974775526259,2762.74,0.29760219114090575,-0.5263638755559261
color_checker,16,OCT,1982.475853814019,1424.97,1.3912404147554116,0.14340218518954087
coloring_pencils,16,MC,726.5434739854601,1796.16,0.40449819280323585,-0.39308341436650657
coloring_pencils,16,OCT,1385.8509165445964,984.865,1.4071481030847846,0.1483398095651511
columbia_crew,16,MC,209.6474897596571,759.785,0.27593001936028894,-0.5592010485845508
columbia_crew,16,OCT,1164.3519872029622,558.487,2.084832748484678,0.31907122030561735
common_jezebel,16,MC,258.5682356092665,623.145,0.41494072103485785,-0.3820139427248103
common_jezebel,16,OCT,320.31872897677954,521.973,0.6136691533408425,-0.21206570638943678
common_lantanas,16,MC,475.14579094780817,670.95,0.7081687025080977,-0.1498632707837569
common_lantanas,16,OCT,1258.2195544772678,636.41,1.9770581142302412,0.2960194352815901
cosmic_vista,16,MC,293.21609581841363,969.065,0.3025762934564901,-0.519165101508954
cosmic_vista,16,OCT,1469.923489888509,780.575,1.8831290905915625,0.2748800924064341
craft_cards,16,MC,248.20327843560113,325.705,0.7620493343227802,-0.11801691195357533
craft_cards,16,OCT,249.5359624226888,260.311,0.9586070601038329,-0.018359376770430414
crepe_paper,16,MC,99.50269741482205,390.308,0.2549337892505971,-0.5935725987694477
crepe_paper,16,OCT,117.70139567057292,210.878,0.5581492411279172,-0.2532496613987895
cruise_ship,16,MC,216.65585072835287,743.71,0.291317651676531,-0.5356331995691844
cruise_ship,16,OCT,856.4120907253689,570.791,1.5003952247414007,0.17620567326610215
curler,16,MC,296.47859530978735,952.661,0.3112110134767639,-0.5069450421208144
curler,16,OCT,1136.5099063449436,695.44,1.6342314309572983,0.2133135589715364
daisy_bouquet,16,MC,499.4215486314562,1466.96,0.3404466029281345,-0.46795099497638987
daisy_bouquet,16,OCT,2977.5810038248696,1343.54,2.2162205842958675,0.34561298429413295
daisy_poster,16,MC,351.24984063042535,456.511,0.7694225125581319,-0.11383511080703687
daisy_poster,16,OCT,676.2301550971138,404.8,1.670529039271526,0.22285402950169644
easter_egg_basket,16,MC,713.7314927842882,1126.05,0.6338364129339623,-0.19802281487427967
easter_egg_basket,16,OCT,1278.4334199693467,1122.48,1.1389364799099733,0.056499503540170457
easter_eggs,16,MC,573.4865069919163,1877.73,0.3054147864665933,-0.5151099406738512
easter_eggs,16,OCT,3802.5302293565537,1159.74,3.278778199731452,0.5157120388435779
eastern_rosella,16,MC,380.4643325805664,842.172,0.4517655925162157,-0.3450868490008146
eastern_rosella,16,OCT,1038.3773659600151,748.113,1.3879953509162588,0.1423880114539974
felt_ball_trivet,16,MC,718.721910264757,1792.6,0.4009382518491337,-0.3969225075446686
felt_ball_trivet,16,OCT,2034.562250773112,1233.44,1.6495024085266505,0.21735295401841645
fishing_nets,16,MC,464.078251308865,1560.7,0.29735263106866466,-0.526728214374903
fishing_nets,16,OCT,2497.7053010728623,1375.75,1.8155226611469106,0.2590016740969616
floating_market,16,MC,293.57697041829425,1088.3,0.2697573926475184,-0.5690266447283482
floating_market,16,OCT,1175.2505043877495,747.336,1.5725864997641616,0.19661454304390594
fruit_dessert,16,MC,381.20418039957684,872.95,0.4366850110539857,-0.35983171471539355
fruit_dessert,16,OCT,515.6330634223091,794.157,0.6492835338885247,-0.1875656108836423
fruit_stand,16,MC,442.065789964464,1238.85,0.3568356055732849,-0.44753181760168376
fruit_stand,16,OCT,1716.4813452826606,1004.39,1.708978927789664,0.23273670777568664
fruits,16,MC,525.8861906263563,1341.5,0.39201355991528614,-0.4066989102894121
fruits,16,OCT,3715.1485960218643,1183.23,3.1398363767161617,0.49690701669079185
fruits_veggies,16,MC,423.8540335761176,1712.21,0.24754792553256763,-0.6063407087327544
fruits_veggies,16,OCT,1055.1987609863281,998.74,1.056529988772181,0.02388182867033704
german_hot_air_balloon,16,MC,331.01578945583765,467.029,0.7087692401453393,-0.1494951386450166
german_hot_air_balloon,16,OCT,697.2271236843533,510.52,1.3657195089014207,0.13536151322199916
girl,16,MC,124.3923848470052,433.146,0.28718350128364384,-0.5418405139676608
girl,16,OCT,296.3246315850152,321.895,0.9205630146010818,-0.03594647771200865
gourds,16,MC,338.11573621961804,1152.73,0.293317373729857,-0.5326622121931912
gourds,16,OCT,2073.8136444091797,1000.89,2.071969591472769,0.31638337735095257
grilled_food,16,MC,596.7925304836697,1338.26,0.4459466250830703,-0.35071711846064046
grilled_food,16,OCT,2611.1117095947266,1181.22,2.2105210795573447,0.34449466069938467
hard_candy,16,MC,838.9170286390516,1521.41,0.5514075946911429,-0.2585272565295912
hard_candy,16,OCT,1086.3684446546768,1080.73,1.005217255609335,0.002259935105172672
italian_hot_air_balloon,16,MC,692.3588002522787,1522.74,0.45467959090342325,-0.3422945394323432
italian_hot_air_balloon,16,OCT,2897.3492279052734,940.777,3.079740712097844,0.488514154148079
jacksons_chameleon,16,MC,434.9279378255208,1128.95,0.3852499559993984,-0.41425740221167046
jacksons_chameleon,16,OCT,960.6676940917969,944.489,1.0171295738667119,0.007376281959902224
king_penguin,16,MC,191.81681399875217,545.496,0.3516374345526863,-0.45390489709582504
king_penguin,16,OCT,437.53055063883465,381.275,1.1475458675203847,0.059770053349075716
king_vulture,16,MC,559.6328998141819,1310.24,0.4271224354425005,-0.36944761580573976
king_vulture,16,OCT,1165.4634416368272,1174.06,0.9926779224544122,-0.003191636892363366
kingfisher,16,MC,443.27374860975476,911.767,0.48616998488622065,-0.3132118570942233
kingfisher,16,OCT,491.31683349609375,664.227,0.7396821169511233,-0.13095488096461924
korean_dancer,16,MC,284.0551122029622,1167.91,0.2432166110427706,-0.6140067672370617
korean_dancer,16,OCT,1710.0958980984158,860.114,1.9882200476895107,0.2984644485767496
lights,16,MC,1483.194194369846,2870.2,0.5167563913211086,-0.2867141432477003
lights,16,OCT,7679.112897237142,2651.59,2.896040827291226,0.4618046800880606
macarons,16,MC,1027.427833557129,2042.24,0.5030886837771902,-0.2983554513651579
macarons,16,OCT,3972.192667643229,1542.86,2.5745645539084747,0.41070378567762794
macaws,16,MC,450.11110432942706,808.1,0.5569992628751727,-0.25414537956497274
macaws,16,OCT,711.039656745063,653.146,1.0886381555503104,0.036883551783881856
malayan_banded_pitta,16,MC,299.9854049682617,812.96,0.3690038931414359,-0.43296905183301637
malayan_banded_pitta,16,OCT,370.7457758585612,524.94,0.7062631459948969,-0.1510334553779447
mandarin_ducks,16,MC,131.42982482910156,311.769,0.42156155624549446,-0.37513900090676006
mandarin_ducks,16,OCT,261.9886966281467,296.625,0.8832320156026859,-0.05392519692060898
mandarinfish,16,MC,541.001340230306,1553.32,0.3482871142007481,-0.4580625931129162
mandarinfish,16,OCT,1201.065390692817,1045.02,1.1493228748663344,0.060442050511459094
mangoes,16,MC,224.13075256347656,451.223,0.49671836888517773,-0.30388977928811955
mangoes,16,OCT,286.6539009941949,413.328,0.6935264511337119,-0.15893697026143905
marrakech_museum,16,MC,560.9111573961046,1765.79,0.31765451010375223,-0.4980449741103429
marrakech_museum,16,OCT,2958.747512817383,1375.49,2.151049817023303,0.3326504685035916
maya_beach,16,MC,266.05050574408637,1013.76,0.2624393404199084,-0.5809710624112864
maya_beach,16,OCT,736.8673612806532,671.104,1.097992801831986,0.040599492996682106
medicine_packets,16,MC,528.5336134168837,1756.72,0.3008638903279314,-0.5216299331385351
medicine_packets,16,OCT,3052.0812437269424,1252.0,2.4377645716668868,0.3869917611006618
moroccan_babouches,16,MC,289.2665286593967,1012.31,0.2857489589744216,-0.5440153431286133
moroccan_babouches,16,OCT,1044.4742855495876,760.862,1.3727512815064857,0.13759185780915836
motocross,16,MC,201.00886874728732,719.062,0.2795431669971259,-0.5535511189363803
motocross,16,OCT,559.1217185126411,534.984,1.045118580205466,0.019165568731510693
motorcycle,16,MC,411.6974622938368,1237.13,0.3327843171645961,-0.4778371485152117
motorcycle,16,OCT,1110.4118881225586,859.961,1.2912351701095266,0.1110053466658496
mural,16,MC,281.27540079752606,936.1,0.3004758047190749,-0.522190493045756
mural,16,OCT,496.1943401760525,585.875,0.8469286796262897,-0.07215316032913315
nylon_cords,16,MC,506.0610817803277,1536.19,0.32942610079503687,-0.4822419941699483
nylon_cords,16,OCT,2656.3713217841255,1101.31,2.4120105345308094,0.38237920026687366
paper_clips,16,MC,1441.7270914713542,873.41,1.650687639792714,0.21766489933867056
paper_clips,16,OCT,939.7830437554253,526.192,1.7860078521821412,0.25188336393207883
peacock,16,MC,395.98730723063153,889.671,0.44509409346896944,-0.3515481688962103
peacock,16,OCT,590.5630137125651,730.68,0.8082375509286762,-0.0924609759890552
pencils,16,MC,296.73604498969183,856.797,0.34633179736821185,-0.4605076332336761
pencils,16,OCT,423.90675862630206,645.994,0.6562085075500733,-0.18295814341339633
pigments,16,MC,647.6925964355469,1908.34,0.3394010482595066,-0.4692868206729798
pigments,16,OCT,3101.1614049275718,1509.27,2.054742627182394,0.3127574307889367
pink_mosque,16,MC,907.2008819580078,1633.41,0.555403041464181,-0.2553917463223583
pink_mosque,16,OCT,1833.1756235758464,1210.36,1.5145705604744428,0.18028951095435586
plushies,16,MC,447.3459820217556,1501.13,0.29800615670978237,-0.5257747634490307
plushies,16,OCT,2405.7863744099936,1041.26,2.310456921815871,0.36369787556319966
prickly_pears,16,MC,321.5969814724392,1123.54,0.28623545354187585,-0.5432765748949127
prickly_pears,16,OCT,1473.9728105333115,775.913,1.899662475732861,0.27867644413795467
puffin,16,MC,260.12881808810766,1038.47,0.2504923763691851,-0.6012054871667052
puffin,16,OCT,991.6549945407444,687.512,1.442382088662808,0.15908032072820863
race_car,16,MC,252.64988538953992,655.332,0.3855296023840434,-0.4139422696014621
race_car,16,OCT,307.7541715833876,484.132,0.6356823584960043,-0.19675984097500088
red_eyed_tree_frog,16,MC,373.6056493123372,839.157,0.44521543562448646,-0.35142978708142003
red_eyed_tree_frog,16,OCT,577.7157067192925,667.046,0.8660807601264268,-0.062441609088955345
red_knobbed_starfish,16,MC,294.176257663303,1002.83,0.29334608823360186,-0.5326196987204919
red_knobbed_starfish,16,OCT,1132.9826015896267,753.908,1.5028128121596092,0.1769048889642114
rescue_helicopter,16,MC,181.03777567545572,784.911,0.23064752013343645,-0.6370512104602416
rescue_helicopter,16,OCT,436.7742207845052,528.611,0.8262677484662733,-0.08287919863710097
rose_bouquet,16,MC,631.1924285888672,1259.95,0.5009662515090815,-0.3001915301747855
rose_bouquet,16,OCT,2384.726142883301,1124.42,2.12084998744535,0.3265099509641163
sagami_temple,16,MC,301.6267903645833,1066.37,0.2828537846756598,-0.5484380058832382
sagami_temple,16,OCT,995.4494908650717,683.446,1.4565152051004346,0.16331502274792728
salad_bowl,16,MC,546.4996838039822,1764.6,0.3097017362597655,-0.5090563598807928
salad_bowl,16,OCT,3709.0853924221465,1131.88,3.2769245789501946,0.5154664458612627
schoolgirls,16,MC,387.6605911254883,1551.85,0.24980545228307394,-0.6023980868961843
schoolgirls,16,OCT,2463.944240146213,1154.63,2.133968665413347,0.3291880380790852
seattle_great_wheel,16,MC,501.1651492648655,1175.65,0.4262877125546425,-0.3702971854073442
seattle_great_wheel,16,OCT,2696.8504358927407,803.6,3.3559612193787216,0.5258169335907694
shawls,16,MC,815.3365334404839,1832.03,0.44504540506459167,-0.3515956785402827
shawls,16,OCT,3508.065550910102,1244.12,2.8197163866106987,0.45020542820439513
shopping_bags,16,MC,99.45732031928168,89.6437,1.10947361966632,0.04511698032237283
shopping_bags,16,OCT,62.6408945719401,118.681,0.5278089548616889,-0.27752324576805987
siberian_tiger,16,MC,150.66605801052518,449.105,0.33548069607447073,-0.4743324645546977
siberian_tiger,16,OCT,334.0354724460178,347.354,0.9616571925068311,-0.01697971583686062
skiers,16,MC,290.586907280816,648.405,0.4481564875052105,-0.3485703123563754
skiers,16,OCT,387.1318596733941,613.493,0.6310289761633695,-0.19995069796834178
spices,16,MC,210.39210001627603,711.24,0.295810275035538,-0.5289867447619339
spices,16,OCT,525.2722752888998,555.109,0.9462506918261093,-0.02399378996885695
sports_bicycles,16,MC,355.926020304362,1404.71,0.25338042749347695,-0.596226935466287
sports_bicycles,16,OCT,2550.2129542032876,1016.9,2.5078306167797106,0.3992982001482714
sun_parakeet,16,MC,265.39873589409723,791.689,0.33523105145340815,-0.4746557607747824
sun_parakeet,16,OCT,263.0237113104926,447.456,0.5878202802297714,-0.2307554345275343
tablet,16,MC,512.5423516167534,813.541,0.6300141623062063,-0.2006496877808547
tablet,16,OCT,975.6739213731554,513.336,1.9006536096692135,0.2789029747735498
textile_market,16,MC,567.1916147867838,1763.6,0.32161012405691985,-0.49267028842840715
textile_market,16,OCT,1675.688932630751,1071.82,1.5634051730987957,0.19407154464588125
trade_fair_tower,16,MC,134.1866972181532,358.619,0.37417620711159527,-0.4269238316106316
trade_fair_tower,16,OCT,176.68029615614148,296.187,0.5965160393810042,-0.22437787433896622
traffic,16,MC,307.60560607910156,885.299,0.347459565727626,-0.45909572748564614
traffic,16,OCT,1318.3110843234592,720.341,1.8301208515459473,0.2624797691985029
tulip_field,16,MC,722.5926615397135,1902.77,0.37975827952916724,-0.42049274882888293
tulip_field,16,OCT,3055.3258141411675,1339.26,2.281353743217275,0.35819263153528075
umbrellas,16,MC,451.47698296440973,1192.42,0.37862245095218944,-0.4217936375049109
umbrellas,16,OCT,3063.1337195502388,966.321,3.1698925300704826,0.5010445384358757
veggie_pizza,16,MC,195.3445053100586,945.711,0.2065583516635194,-0.6849572407355468
veggie_pizza,16,OCT,1169.807239956326,547.559,2.1364040038723244,0.3296833832167904
veggies,16,MC,441.661627875434,1316.78,0.3354103402811662,-0.47442355276800896
veggies,16,OCT,999.3423936631945,994.142,1.0052310370783997,0.00226588921599377
venetian_lagoon,16,MC,244.05311923556857,869.825,0.28057726466308575,-0.5519475230132768
venetian_lagoon,16,OCT,735.5892613728842,662.586,1.1101792995518833,0.045393125198864466
vintage_cars,16,MC,421.8856370713976,1194.13,0.35329958804434825,-0.4518568689624674
vintage_cars,16,OCT,1058.8103468153213,941.772,1.1242746087326032,0.05087240241726139
wooden_toys,16,MC,397.5603519015842,813.058,0.4889692394657998,-0.31071846102046785
wooden_toys,16,OCT,479.65642717149524,657.066,0.7299973323402751,-0.13667872693709887
wool_carder_bee,16,MC,316.12510850694446,942.041,0.3355746814702804,-0.4742108133753394
wool_carder_bee,16,OCT,825.6886850992838,726.226,1.136958309258115,0.05574453998139746
yasaka_pagoda,16,MC,100.17313808865018,434.98,0.23029366428031214,-0.6377180099556509
yasaka_pagoda,16,OCT,205.98954010009766,310.071,0.6643302343659925,-0.1776159819111289
adirondack_chairs,64,MC,224.73852030436197,720.042,0.3121186268361595,-0.5056803124280087
adirondack_chairs,64,OCT,204.32708994547525,386.413,0.5287790264444396,-0.27672577908990414
astro_bodies,64,MC,49.36659834120009,245.941,0.2007253704799122,-0.6973977318320017
astro_bodies,64,OCT,83.73347049289279,139.063,0.6021261621919044,-0.2203125024245822
astronaut,64,MC,35.775851779513886,103.188,0.3467055450199043,-0.4600392124183397
astronaut,64,OCT,43.04943593343099,72.2406,0.5959174748469834,-0.2248138790183386
balinese_dancer,64,MC,72.07937537299262,235.876,0.30558164193471404,-0.5148727399063402
balinese_dancer,64,OCT,81.72343444824219,136.147,0.6002587970960961,-0.2216614664191312
ball_caps,64,MC,112.66878000895183,206.592,0.5453685525526246,-0.263309908284049
ball_caps,64,OCT,79.15711805555556,131.992,0.5997114829349928,-0.22205763545843668
birthday_baloons,64,MC,84.74116685655382,295.638,0.28663827673219894,-0.5426658158102216
birthday_baloons,64,OCT,109.37245517306857,198.203,0.5518203819975912,-0.25820226249110756
bosnian_pine_needle,64,MC,87.1153072781033,366.065,0.2379777014412831,-0.6234637345178324
bosnian_pine_needle,64,OCT,126.38155195448134,244.401,0.5171073438917244,-0.2864192943899807
buggy,64,MC,48.48442162407769,162.04,0.2992126735625629,-0.5240200152804388
buggy,64,OCT,79.55555301242404,101.83,0.7812584995818919,-0.10720524478203225
calaveras,64,MC,497.208863152398,1347.65,0.3689450993599213,-0.4330382539464293
calaveras,64,OCT,312.8632168240017,625.78,0.49995720033238794,-0.3010671725741057
carrots,64,MC,94.19432661268446,329.384,0.2859711662153731,-0.5436777535312158
carrots,64,OCT,120.22148895263672,209.618,0.5735265528372407,-0.24144647055479218
chalk_pastels,64,MC,164.00750223795572,376.547,0.4355565234564496,-0.36095547732143085
chalk_pastels,64,OCT,106.17870246039496,160.487,0.6616031358327775,-0.17940244500381086
chicken_dish,64,MC,101.98340267605252,332.058,0.307125269308532,-0.5126844496924631
chicken_dish,64,OCT,179.20430162217883,235.19,0.761955447179637,-0.11807042184899721
chili_peppers,64,MC,222.1147206624349,700.828,0.31693185869062723,-0.49903410237454193
chili_peppers,64,OCT,261.2884801228841,502.851,0.5196141205305033,-0.28431905547207875
clownfish,64,MC,111.03941345214844,417.48,0.26597540828817773,-0.5751585157691612
clownfish,64,OCT,136.60449896918402,222.309,0.6144802908077677,-0.21149204236369545
color_chart,64,MC,607.4235178629557,2013.06,0.3017413876699928,-0.5203651167261418
color_chart,64,OCT,290.7869177924262,883.76,0.32903380758625217,-0.48275947684080567
color_checker,64,MC,49.320325215657554,332.198,0.14846665306731996,-0.8283710818024345
color_checker,64,OCT,69.24433729383681,73.8271,0.9379257385680435,-0.027831546063209256
coloring_pencils,64,MC,161.23116895887586,337.165,0.47819663653960476,-0.3203934828781839
coloring_pencils,64,OCT,121.75774892171223,184.246,0.6608433774503231,-0.17990145786530315
columbia_crew,64,MC,56.604795667860245,211.727,0.26734802678855435,-0.572923016942376
columbia_crew,64,OCT,106.82353634304471,161.305,0.6622456609717288,-0.1789808785153797
common_jezebel,64,MC,75.34956529405382,243.897,0.30894010707000835,-0.5101257072747637
common_jezebel,64,OCT,81.01119147406683,137.83,0.587761673612906,-0.2307987365367997
common_lantanas,64,MC,195.31914265950522,241.397,0.8091200083659086,-0.09198705922113631
common_lantanas,64,OCT,96.58674706353082,194.433,0.49676107997886587,-0.3038524374138866
cosmic_vista,64,MC,114.15419260660808,351.991,0.32430997555792074,-0.48903969251380364
cosmic_vista,64,OCT,132.9621124267578,246.702,0.5389583887717077,-0.26844476398661304
craft_cards,64,MC,45.97236633300781,106.71,0.4308159154063145,-0.3657082611645264
craft_cards,64,OCT,26.20844184027778,53.3731,0.4910421512012189,-0.30888122631211334
crepe_paper,64,MC,29.49637179904514,66.1811,0.4456917730144277,-0.3509653824438052
crepe_paper,64,OCT,13.161003112792969,33.1865,0.39657701513546073,-0.40167246029991927
cruise_ship,64,MC,63.32330067952474,269.291,0.23514822507816727,-0.6286582950028132
cruise_ship,64,OCT,114.68886142306857,197.291,0.5813182629875087,-0.23558603281497512
curler,64,MC,74.46465979682074,278.776,0.2671128784286335,-0.5733051726463195
curler,64,OCT,116.71558634440105,193.226,0.6040366531646933,-0.21893670743152097
daisy_bouquet,64,MC,186.58317142062717,589.6,0.316457210686274,-0.49968500419047135
daisy_bouquet,64,OCT,199.96617465549045,364.918,0.5479756401588588,-0.2612387473180625
daisy_poster,64,MC,65.5843039618598,194.165,0.33777613865454537,-0.4713710333223869
daisy_poster,64,OCT,60.060362074110245,103.015,0.583025404786781,-0.2343125208527704
easter_egg_basket,64,MC,265.7905739678277,571.378,0.46517467240220606,-0.3323839395485068
easter_egg_basket,64,OCT,208.7015346950955,341.315,0.6114631196844424,-0.21362973225084683
easter_eggs,64,MC,129.45595126681857,418.056,0.30966174691146303,-0.5091124405306815
easter_eggs,64,OCT,178.62387932671442,317.857,0.561963018988773,-0.25029226303867874
eastern_rosella,64,MC,146.15987904866537,371.258,0.3936881603862149,-0.40484764580477
eastern_rosella,64,OCT,145.05861579047308,236.693,0.6128555377238578,-0.21264188529109182
felt_ball_trivet,64,MC,146.03562672932944,550.77,0.26514811396650045,-0.5765114577283516
felt_ball_trivet,64,OCT,196.28575134277344,386.804,0.5074553296831817,-0.29460218184026576
fishing_nets,64,MC,144.9269053141276,494.393,0.2931410948660835,-0.5329232944154394
fishing_nets,64,OCT,198.62092759874133,389.068,0.5105044043682373,-0.292000506692506
floating_market,64,MC,149.43864017062717,518.191,0.2883852482397941,-0.5400269588344098
floating_market,64,OCT,201.7745624118381,303.067,0.6657754305544256,-0.17667223587133263
fruit_dessert,64,MC,139.8965801662869,391.487,0.35734668115745066,-0.446910247036156
fruit_dessert,64,OCT,156.0150867038303,228.62,0.6824209898689104,-0.16594762362826665
fruit_stand,64,MC,171.62613084581164,653.583,0.2625927094887897,-0.5807173356446407
fruit_stand,64,OCT,222.65247684054904,391.516,0.5686931743288883,-0.24512198428359586
fruits,64,MC,177.4942864312066,520.39,0.3410793566963366,-0.4671445648030058
fruits,64,OCT,210.97210015190973,405.869,0.51980343448726,-0.28416085531992824
fruits_veggies,64,MC,156.42695956759982,580.401,0.26951531711282345,-0.5694165479223372
fruits_veggies,64,OCT,191.83314175075955,341.288,0.5620858094945018,-0.2501973788344895
german_hot_air_balloon,64,MC,101.32806226942274,165.387,0.6126724728631799,-0.212771631912511
german_hot_air_balloon,64,OCT,63.60573154025607,122.547,0.5190313230046927,-0.28480643213687823
girl,64,MC,46.47082858615451,164.336,0.2827793580600386,-0.5485522957514068
girl,64,OCT,73.69634840223524,105.313,0.6997839621151732,-0.15503601504644768
gourds,64,MC,119.35629526774089,427.49,0.2792025433758471,-0.5540806298559512
gourds,64,OCT,204.24106767442493,330.111,0.6187042166859782,-0.20851692410087871
grilled_food,64,MC,161.46464199490018,578.907,0.2789129203739118,-0.5545313669920204
grilled_food,64,OCT,187.0514704386393,418.748,0.4466922121147786,-0.3499916191983228
hard_candy,64,MC,165.69540320502387,631.193,0.26251147145963893,-0.5808517136570139
hard_candy,64,OCT,231.5466562906901,392.088,0.5905476737127636,-0.228745036924896
italian_hot_air_balloon,64,MC,113.90828874376085,410.634,0.27739614533565377,-0.5568995781260591
italian_hot_air_balloon,64,OCT,157.8242653740777,267.151,0.5907680127496349,-0.2285830276837298
jacksons_chameleon,64,MC,131.68507639567056,484.649,0.271712262680147,-0.5658907609411674
jacksons_chameleon,64,OCT,185.10686747233072,324.862,0.569801538722075,-0.24427638230327406
king_penguin,64,MC,66.8899417453342,193.849,0.3450620934094796,-0.4621027472495259
king_penguin,64,OCT,68.35001627604167,116.549,0.5864487578275375,-0.231769929268769
king_vulture,64,MC,142.04256100124783,453.977,0.3128849280938194,-0.5046153566471523
king_vulture,64,OCT,198.26322597927518,375.657,0.5277772701674005,-0.2775493175139165
kingfisher,64,MC,141.538089328342,360.355,0.3927740404,-0.4058572237455612
kingfisher,64,OCT,141.22118971082898,228.213,0.6188130812479087,-0.208440514213563
korean_dancer,64,MC,105.42316606309679,389.967,0.2703386852300241,-0.5680918026927483
korean_dancer,64,OCT,148.32137891981336,262.848,0.5642857427859955,-0.24850092245296065
lights,64,MC,462.15564897325305,1505.99,0.3068782986429213,-0.5130338222650328
lights,64,OCT,313.2980948554145,814.154,0.3848142917131335,-0.41474880696454886
macarons,64,MC,205.85867987738715,666.291,0.3089621199706842,-0.5100947636047788
macarons,64,OCT,248.69856770833334,519.523,0.4787055966883725,-0.31993149502344403
macaws,64,MC,85.17936197916667,265.071,0.32134545830802563,-0.4930278337517186
macaws,64,OCT,126.73220486111111,191.181,0.662891212312474,-0.17855773821508047
malayan_banded_pitta,64,MC,175.4398939344618,347.478,0.5048949687015056,-0.29679895704477915
malayan_banded_pitta,64,OCT,130.22955322265625,195.366,0.6665927194222958,-0.1761394340478099
mandarin_ducks,64,MC,50.760115729437935,162.282,0.3127895621784174,-0.5047477478243072
mandarin_ducks,64,OCT,57.36748928493924,88.047,0.6515552975676541,-0.18604871976817317
mandarinfish,64,MC,215.75355699327258,699.859,0.30828146382810334,-0.5110525874991911
mandarinfish,64,OCT,220.60171763102213,393.105,0.5611775928340319,-0.2508996781690026
mangoes,64,MC,70.24126519097223,150.583,0.46646211850588865,-0.33118361963852055
mangoes,64,OCT,64.76539357503255,117.064,0.5532477411931298,-0.2570803505400845
marrakech_museum,64,MC,201.44458177354602,528.121,0.38143641660442595,-0.4185778462261552
marrakech_museum,64,OCT,182.0927793714735,347.292,0.5243218368735056,-0.2804020544812484
maya_beach,64,MC,107.68622673882379,370.458,0.2906840363518234,-0.5365788179532743
maya_beach,64,OCT,140.20480261908637,221.874,0.6319118176040742,-0.19934352266695385
medicine_packets,64,MC,180.46455722384982,536.868,0.3361432553697553,-0.4734755983318633
medicine_packets,64,OCT,204.3806855943468,397.886,0.5136664411272244,-0.289318806690192
moroccan_babouches,64,MC,105.00279744466145,419.75,0.25015556270318395,-0.6017898352773282
moroccan_babouches,64,OCT,185.21151055230035,272.601,0.6794234450801734,-0.16785947087007222
motocross,64,MC,90.73259735107422,253.993,0.357224794978894,-0.44705840435015076
motocross,64,OCT,130.13759528266058,158.881,0.8190884705072387,-0.08666918715530976
motorcycle,64,MC,140.21155717637805,434.344,0.3228122344878208,-0.491050014006161
motorcycle,64,OCT,175.22628360324435,299.736,0.5846020618252207,-0.23313965726846106
mural,64,MC,96.25475819905598,280.551,0.3430918378442992,-0.4645896136877675
mural,64,OCT,127.80296664767795,175.467,0.7283589885715145,-0.13765451584048444
nylon_cords,64,MC,171.70725419786243,579.902,0.2960970201824833,-0.5285659631774564
nylon_cords,64,OCT,193.8703358968099,324.833,0.5968307896574852,-0.22414878031852437
paper_clips,64,MC,128.2853071424696,208.526,0.6152005368273961,-0.21098329423868956
paper_clips,64,OCT,62.070435418023,135.519,0.45802016999847256,-0.33911539639316934
peacock,64,MC,146.2594985961914,386.871,0.37805754010042475,-0.4224420958074169
peacock,64,OCT,170.8353008694119,266.762,0.6404034340326279,-0.193546347931029
pencils,64,MC,72.02393934461806,200.695,0.3588726143880917,-0.4450596814659185
pencils,64,OCT,92.45928870307074,132.588,0.6973428115898177,-0.1565536715705332
pigments,64,MC,202.75575002034506,615.206,0.32957375256474264,-0.48204738304955863
pigments,64,OCT,226.66458129882812,468.035,0.48428981016126593,-0.3148946687550097
pink_mosque,64,MC,282.068610297309,697.715,0.40427482610709103,-0.39332330101894153
pink_mosque,64,OCT,246.64850192599826,366.152,0.673623254621027,-0.17158292866507951
plushies,64,MC,187.84439171685113,770.47,0.24380493947441317,-0.6129574998466347
plushies,64,OCT,239.90497419569226,411.462,0.5830549946184392,-0.23429048000443967
prickly_pears,64,MC,109.3980204264323,348.482,0.31392732028177145,-0.5031708871310814
prickly_pears,64,OCT,162.5738991631402,248.072,0.6553496531778685,-0.18352692607068186
puffin,64,MC,118.78478410508897,355.705,0.3339418453636833,-0.4763291572502863
puffin,64,OCT,122.51262071397569,229.273,0.5343525871514556,-0.27217208356392547
race_car,64,MC,59.2206785413954,157.865,0.3751349478440148,-0.4258124747754106
race_car,64,OCT,80.69793616400824,118.526,0.680845857989034,-0.16695120027825347
red_eyed_tree_frog,64,MC,264.30237155490454,380.978,0.6937470708411103,-0.15879883755608246
red_eyed_tree_frog,64,OCT,104.31990220811632,210.791,0.4948973258256582,-0.30548489288978947
red_knobbed_starfish,64,MC,111.0248760647244,471.568,0.23543768038697366,-0.6281240297060163
red_knobbed_starfish,64,OCT,181.52452596028647,260.523,0.6967696746939289,-0.156910759262856
rescue_helicopter,64,MC,54.4157460530599,212.736,0.2557900216844347,-0.5921164012643727
rescue_helicopter,64,OCT,82.08140563964844,127.066,0.645974577303515,-0.18978457357466336
rose_bouquet,64,MC,194.68078782823352,544.24,0.3577112814718387,-0.44646736288791394
rose_bouquet,64,OCT,212.28389655219183,380.88,0.5573511251632846,-0.2538711177944638
sagami_temple,64,MC,100.02770402696397,397.78,0.25146489020806473,-0.5995226430268166
sagami_temple,64,OCT,162.52350277370877,245.748,0.6613421178349723,-0.1795738181990068
salad_bowl,64,MC,172.7278264363607,613.76,0.2814256817589297,-0.5506362731512224
salad_bowl,64,OCT,203.5781995985243,393.714,0.517071274068294,-0.2864495888188412
schoolgirls,64,MC,173.3358900282118,573.863,0.3020509947987791,-0.5199197295921578
schoolgirls,64,OCT,222.17371961805554,397.471,0.5589683766062318,-0.25261276144076633
seattle_great_wheel,64,MC,150.73229132758246,433.762,0.34749999153356553,-0.4590452016549488
seattle_great_wheel,64,OCT,121.30531395806207,269.62,0.4499121502783995,-0.34687227816670807
shawls,64,MC,369.21554480658637,659.995,0.5594217301746018,-0.2522606679043792
shawls,64,OCT,200.40054660373264,412.42,0.48591374473530047,-0.31344081614944275
shopping_bags,64,MC,25.063771565755207,33.0405,0.75857724809719,-0.12000018717240812
shopping_bags,64,OCT,9.353307935926649,18.4006,0.5083153775380503,-0.2938667518379172
siberian_tiger,64,MC,41.48571523030599,157.8,0.26290060348736366,-0.5802084169711149
siberian_tiger,64,OCT,59.08105214436849,83.7997,0.7050270125593349,-0.1517942430359509
skiers,64,MC,112.17015669080946,302.804,0.37043816029778165,-0.4312842812959621
skiers,64,OCT,114.29483201768663,190.051,0.6013903216383321,-0.22084356541556155
spices,64,MC,79.04745992024739,291.834,0.2708644637713474,-0.5672479687591924
spices,64,OCT,147.9325705634223,193.123,0.7660018255900245,-0.11577019532466881
sports_bicycles,64,MC,143.67905510796442,505.081,0.2844673529749969,-0.5459675684125825
sports_bicycles,64,OCT,210.43404049343533,373.774,0.5629980696716073,-0.2494930941937806
sun_parakeet,64,MC,79.39086829291449,206.696,0.3840948460198286,-0.4155615203801658
sun_parakeet,64,OCT,85.14082845052083,139.226,0.6115296600528697,-0.21358247422064575
tablet,64,MC,122.52477094862196,202.637,0.6046515243939753,-0.21849484788502896
tablet,64,OCT,66.83134036593967,95.4735,0.6999988516807246,-0.15490267242736291
textile_market,64,MC,231.23787350124783,711.871,0.3248311470775574,-0.4883423342481096
textile_market,64,OCT,239.80099148220486,397.952,0.6025877278722179,-0.21997971728869609
trade_fair_tower,64,MC,43.54181586371528,109.9,0.39619486682179506,-0.4020911555652927
trade_fair_tower,64,OCT,47.69067043728299,74.6336,0.6389973207413684,-0.1945009627957136
traffic,64,MC,98.08185746934679,342.354,0.2864925120470238,-0.542886724548793
traffic,64,OCT,162.79586368136935,228.132,0.7136038069248039,-0.14654284175689797
tulip_field,64,MC,156.94083234998914,481.033,0.3262579331355419,-0.48643891942346384
tulip_field,64,OCT,189.4575915866428,408.603,0.46367156282906097,-0.333789538749722
umbrellas,64,MC,141.68264770507812,485.084,0.2920785837196818,-0.534500285934179
umbrellas,64,OCT,181.7195756700304,316.655,0.5738724342582003,-0.24118463592053666
veggie_pizza,64,MC,81.57319217258029,281.272,0.29001533096995186,-0.5375790435504734
veggie_pizza,64,OCT,80.46682400173611,177.833,0.4524853317535897,-0.3443954947830385
veggies,64,MC,142.87813991970486,452.932,0.3154516349467577,-0.5010672173576488
veggies,64,OCT,174.52517700195312,306.662,0.5691124984574324,-0.24480187661010475
venetian_lagoon,64,MC,82.1224365234375,299.616,0.2740922932134382,-0.5621031755583906
venetian_lagoon,64,OCT,134.2524151272244,169.379,0.7926154666589389,-0.10093745733731556
vintage_cars,64,MC,138.41127692328558,405.34,0.3414695735019628,-0.4666479878796676
vintage_cars,64,OCT,166.04876624213324,283.671,0.5853568614420693,-0.2325792865622755
wooden_toys,64,MC,197.77186414930554,253.679,0.7796146474454154,-0.1081200099277368
wooden_toys,64,OCT,90.1790262858073,177.884,0.5069541177722972,-0.2950313450059297
wool_carder_bee,64,MC,118.1867209540473,405.43,0.29150956010667023,-0.5353471979084272
wool_carder_bee,64,OCT,178.8916948106554,266.936,0.6701669868832058,-0.1738169697678113
yasaka_pagoda,64,MC,29.39996337890625,145.5,0.20206160397873713,-0.6945162038740151
yasaka_pagoda,64,OCT,67.03250461154514,89.9539,0.7451873082939721,-0.12773455042747517
adirondack_chairs,256,MC,60.95580291748047,255.66,0.23842526369975933,-0.6226477283609821
adirondack_chairs,256,OCT,87.39763302273221,123.247,0.7091258450325948,-0.1492766858982102
astro_bodies,256,MC,16.646257188585068,87.2064,0.19088343502982658,-0.7192317582867056
astro_bodies,256,OCT,22.61651611328125,33.0757,0.6837804222822571,-0.1650833379010837
astronaut,256,MC,14.696350945366753,40.7419,0.36071835003686015,-0.4428317642049395
astronaut,256,OCT,13.115236070421007,20.512,0.6393933341663908,-0.19423189566809052
balinese_dancer,256,MC,25.154429965549046,91.586,0.27465365847999745,-0.5612146116541171
balinese_dancer,256,OCT,30.864859686957466,42.7095,0.7226696563283922,-0.14106018018693242
ball_caps,256,MC,25.670616149902344,77.3152,0.3320254768777982,-0.47882859086543555
ball_caps,256,OCT,18.267228868272568,34.0385,0.5366637445325901,-0.27029774341481866
birthday_baloons,256,MC,32.50520155164931,120.237,0.27034275266057295,-0.568085268484177
birthday_baloons,256,OCT,29.62656741672092,53.5244,0.5535151709635404,-0.25687047130656365
bosnian_pine_needle,256,MC,35.48958418104384,151.827,0.2337501510340311,-0.6312480998427169
bosnian_pine_needle,256,OCT,68.11122300889757,89.5725,0.7604032823567229,-0.1189560171270367
buggy,256,MC,18.411237928602432,72.7688,0.25301005277814714,-0.5968622227793517
buggy,256,OCT,18.348016526963974,30.5538,0.6005150432013031,-0.22147610883145696
calaveras,256,MC,122.11907535129123,393.25,0.3105380174222282,-0.507885224002734
calaveras,256,OCT,139.15958574083118,215.408,0.6460279364778986,-0.18974870120636736
carrots,256,MC,31.30377451578776,148.239,0.2111709773796893,-0.6753657699922124
carrots,256,OCT,46.167381286621094,66.8959,0.6901376808835982,-0.16106425986676512
chalk_pastels,256,MC,41.10370551215278,144.672,0.28411652228594875,-0.546503509927287
chalk_pastels,256,OCT,31.79041798909505,53.5186,0.594006905806487,-0.22620850596793687
chicken_dish,256,MC,34.13290659586588,150.947,0.22612510746067085,-0.6456512137437814
chicken_dish,256,OCT,47.753599378797745,81.2619,0.5876505395369509,-0.23088086077465017
chili_peppers,256,MC,68.28257242838542,273.047,0.25007625950252305,-0.6019275352044579
chili_peppers,256,OCT,135.63360680474176,163.433,0.8299034271214611,-0.08097244197142243
clownfish,256,MC,36.15861596001519,182.38,0.1982597651059063,-0.7027654127005631
clownfish,256,OCT,52.826294793023,81.4223,0.6487939396580912,-0.1878932154944065
color_chart,256,MC,91.50603654649522,310.088,0.29509699358406394,-0.5300352150222443
color_chart,256,OCT,76.49676344129774,124.582,0.6140274152068337,-0.21181223796754986
color_checker,256,MC,18.095720926920574,63.4813,0.2850559287053128,-0.5450699219384807
color_checker,256,OCT,11.951499091254341,20.5202,0.5824260529261089,-0.23475920651613702
coloring_pencils,256,MC,38.25215064154731,129.476,0.29543815565469517,-0.5295334165386671
coloring_pencils,256,OCT,31.21014658610026,61.1293,0.5105595285092461,-0.29195361421200167
columbia_crew,256,MC,21.602573818630642,90.8831,0.23769626936834948,-0.6239776344495824
columbia_crew,256,OCT,28.727986653645832,45.8484,0.6265864600214148,-0.20301899407212184
common_jezebel,256,MC,28.245345221625435,110.324,0.2560217651791581,-0.5917231124404863
common_jezebel,256,OCT,27.951554192437065,47.6672,0.5863896807959574,-0.23181368095356922
common_lantanas,256,MC,41.071984185112846,132.973,0.3088746150354797,-0.5102177828705476
common_lantanas,256,OCT,48.53889041476779,70.5173,0.6883259911364699,-0.16220583121042303
cosmic_vista,256,MC,39.771891276041664,163.558,0.2431668966118543,-0.6140955478094015
cosmic_vista,256,OCT,56.92812940809462,85.3012,0.6673778259636983,-0.17562822714120194
craft_cards,256,MC,16.241058349609375,57.1297,0.2842839775039844,-0.5462476168403186
craft_cards,256,OCT,10.914816962348091,16.307,0.6693332288187951,-0.17435761406056136
crepe_paper,256,MC,12.96301523844401,29.6002,0.4379367449694262,-0.3585886139127864
crepe_paper,256,OCT,7.198561774359809,6.99938,1.0284570596766869,0.012186163668298973
cruise_ship,256,MC,24.535938686794704,113.065,0.2170073735178411,-0.6635255093601977
cruise_ship,256,OCT,36.01280721028646,61.7298,0.583394198754677,-0.2340378937973484
curler,256,MC,29.257842169867622,108.254,0.27027031028754245,-0.568201659763662
curler,256,OCT,38.6229002210829,58.9491,0.6551906682389197,-0.18363229678061205
daisy_bouquet,256,MC,59.555995517306854,250.436,0.23780924274987164,-0.6237712699979838
daisy_bouquet,256,OCT,68.02979363335504,120.184,0.5660470081987207,-0.2471475006958774
daisy_poster,256,MC,21.01679144965278,89.9215,0.23372376405701395,-0.6312971281121236
daisy_poster,256,OCT,21.539377848307293,33.9284,0.6348480284454112,-0.19733022479717013
easter_egg_basket,256,MC,72.03321329752605,259.346,0.277749467111604,-0.556346765620981
easter_egg_basket,256,OCT,74.95382690429688,114.308,0.6557181203791237,-0.18328281469870225
easter_eggs,256,MC,40.68300543891059,176.148,0.23095922428248172,-0.6364646877799314
easter_eggs,256,OCT,59.15124766031901,92.6551,0.638402501970415,-0.19490541960561036
eastern_rosella,256,MC,59.145239935980904,183.158,0.3229192278578108,-0.4909060946423954
eastern_rosella,256,OCT,49.75271436903212,91.998,0.5408021301444826,-0.26696160643740324
felt_ball_trivet,256,MC,50.020373026529946,178.494,0.2802355991043393,-0.5524766959148446
felt_ball_trivet,256,OCT,93.89104376898871,115.274,0.814503216414705,-0.08910719635436705
fishing_nets,256,MC,51.79366217719184,202.462,0.2558191768193135,-0.5920669028806542
fishing_nets,256,OCT,103.6197526719835,135.955,0.7621621321171232,-0.11795263286786829
floating_market,256,MC,63.79731665717231,249.76,0.255434483733073,-0.5927204732274397
floating_market,256,OCT,72.7782211303711,124.943,0.582491385114581,-0.23471049334892485
fruit_dessert,256,MC,47.15933057996962,178.897,0.26361163451578074,-0.5790354260412349
fruit_dessert,256,OCT,48.97076416015625,85.6742,0.5715928968132326,-0.24291317682645722
fruit_stand,256,MC,64.69619411892361,299.059,0.21633254347444353,-0.6648781435833158
fruit_stand,256,OCT,121.24728902180989,155.37,0.7803777371552416,-0.10769512878103503
fruits,256,MC,54.01050482855903,218.863,0.24677768662843436,-0.6076941113010165
fruits,256,OCT,115.56036970350478,132.741,0.8705702812507421,-0.06019616248198342
fruits_veggies,256,MC,63.61608462863498,225.954,0.2815444056251935,-0.5504530978035141
fruits_veggies,256,OCT,81.31572723388672,117.207,0.6937787609433458,-0.15877899960248343
german_hot_air_balloon,256,MC,31.407627529568142,70.4671,0.44570625908499345,-0.35095126704241286
german_hot_air_balloon,256,OCT,21.061072455512154,33.1723,0.6348993725340767,-0.19729510213516552
girl,256,MC,19.133169386121963,82.2805,0.23253589108138578,-0.6335100058036546
girl,256,OCT,19.859476725260418,35.5098,0.5592674902494641,-0.2523804251123293
gourds,256,MC,47.3991453382704,213.024,0.22250612765824695,-0.652658024361614
gourds,256,OCT,97.23416731092665,122.904,0.7911391599209681,-0.10174711818355939
grilled_food,256,MC,60.42721727159288,230.669,0.26196505499912376,-0.5817566378147583
grilled_food,256,OCT,112.1344011094835,137.1,0.8179022692157806,-0.08729858688613605
hard_candy,256,MC,57.10545349121094,237.752,0.24018916135809976,-0.6194465942210953
hard_candy,256,OCT,98.6047854953342,126.703,0.7782356021193989,-0.10888890531032011
italian_hot_air_balloon,256,MC,38.356662326388886,123.347,0.31096550646865256,-0.5072877819735961
italian_hot_air_balloon,256,OCT,52.11687723795573,72.7314,0.7165663968788685,-0.14474356177451156
jacksons_chameleon,256,MC,52.44056955973307,263.052,0.19935438453132107,-0.7003742081740553
jacksons_chameleon,256,OCT,82.47972785101996,118.944,0.6934332782739773,-0.15899532012993026
king_penguin,256,MC,25.31076982286241,90.2807,0.2803563754253391,-0.5522895634086744
king_penguin,256,OCT,21.45353020562066,39.7013,0.5403734942085185,-0.26730596165092185
king_vulture,256,MC,43.45865122477213,180.046,0.24137526645841692,-0.6173072337869404
king_vulture,256,OCT,97.47337510850694,120.353,0.8098956827707406,-0.09157091607763078
kingfisher,256,MC,41.7333730061849,200.253,0.208403234938727,-0.6810955439851116
kingfisher,256,OCT,42.02534484863281,68.7186,0.6115570580400768,-0.21356301722796442
korean_dancer,256,MC,36.49888017442491,152.747,0.23894989868491628,-0.6216931492846023
korean_dancer,256,OCT,50.491302490234375,77.8414,0.6486432989416221,-0.18799406419869844
lights,256,MC,139.6616007486979,413.411,0.3378274906780369,-0.47130501265727615
lights,256,OCT,200.38723839653863,299.221,0.6696964397436631,-0.1741220098644644
macarons,256,MC,70.21169111463759,262.14,0.26784043303058513,-0.5721238615413681
macarons,256,OCT,119.58092074924045,152.451,0.7843892184980121,-0.10546838438084645
macaws,256,MC,29.7212888929579,112.282,0.2647021685840821,-0.5772425007075581
macaws,256,OCT,36.213161044650604,63.7745,0.567831359628858,-0.24578062636161696
malayan_banded_pitta,256,MC,38.344678243001304,170.488,0.22491130310051913,-0.6479887181933938
malayan_banded_pitta,256,OCT,38.77927737765842,69.8742,0.5549870678685183,-0.2557171365507949
mandarin_ducks,256,MC,18.33733622233073,78.7647,0.23281160497444578,-0.6329953751787284
mandarin_ducks,256,OCT,18.930720859103733,31.9432,0.5926369574464591,-0.2272112689636426
mandarinfish,256,MC,84.95974222819011,278.421,0.30514847022383407,-0.5154888029153604
mandarinfish,256,OCT,94.79279666476779,138.479,0.6845283159523666,-0.16460858228892042
mangoes,256,MC,21.899449666341145,74.7451,0.2929884322362422,-0.5331495261139512
mangoes,256,OCT,21.359969245062935,35.2677,0.6056524594760343,-0.21777651482527016
marrakech_museum,256,MC,53.499086168077255,205.266,0.2606329648752217,-0.5839706555536198
marrakech_museum,256,OCT,85.00714874267578,115.276,0.7374227830829989,-0.13228344875542908
maya_beach,256,MC,42.792209201388886,149.517,0.2862029682336382,-0.5433258664504372
maya_beach,256,OCT,48.56024678548177,83.3173,0.5828350988988094,-0.23445430247671695
medicine_packets,256,MC,68.52816433376736,213.514,0.3209539624276036,-0.4935572582416741
medicine_packets,256,OCT,87.44305843777127,142.446,0.6138681215181281,-0.21192491916611414
moroccan_babouches,256,MC,40.52490743001302,165.464,0.24491676394873219,-0.6109814874712116
moroccan_babouches,256,OCT,74.07283104790582,99.9549,0.7410625296799439,-0.13014514539554356
motocross,256,MC,38.32627868652344,114.267,0.33540986187196165,-0.47442417222006766
motocross,256,OCT,30.197893778483074,54.1715,0.5574498357712648,-0.2537942081505624
motorcycle,256,MC,41.07838863796658,163.781,0.25081290649078086,-0.6006501190633867
motorcycle,256,OCT,69.14522722032335,95.3494,0.7251773710198842,-0.13955575641675005
mural,256,MC,30.419429355197483,118.96,0.25571141018155247,-0.5922498927467332
mural,256,OCT,35.7193603515625,59.8447,0.5968675647394422,-0.2241220211040013
nylon_cords,256,MC,51.18931664360894,206.027,0.24845926331795806,-0.6047448067957784
nylon_cords,256,OCT,78.32997216118707,109.779,0.7135241909762985,-0.14659129819135105
paper_clips,256,MC,31.06453535291884,78.8051,0.3941944792014583,-0.40428946242372976
paper_clips,256,OCT,23.637658013237846,36.6457,0.6450322415245949,-0.19041857688990202
peacock,256,MC,45.922023349338104,207.474,0.22133868990494282,-0.6549426649540145
peacock,256,OCT,61.09790971544054,102.898,0.5937715962938107,-0.22638058118911805
pencils,256,MC,24.371509975857204,65.1732,0.3739498747315953,-0.4271866079235939
pencils,256,OCT,19.40854814317491,33.5197,0.5790191482374517,-0.23730707386089409
pigments,256,MC,59.90827094184028,234.319,0.25566971070139544,-0.5923207199768794
pigments,256,OCT,129.60235595703125,157.558,0.8225691869472274,-0.08482756298807295
pink_mosque,256,MC,70.40791575113933,291.368,0.2416460138077597,-0.61682036458706
pink_mosque,256,OCT,83.41482374403212,137.196,0.6079974907725598,-0.21609821307246213
plushies,256,MC,73.75936041937933,303.677,0.24288754307826846,-0.6145947581923877
plushies,256,OCT,107.60968356662326,154.163,0.6980253599542254,-0.15612879874057833
prickly_pears,256,MC,34.621106465657554,139.305,0.24852737852666848,-0.6046257611033145
prickly_pears,256,OCT,62.613775465223526,88.7827,0.7052474802548641,-0.151658456839896
puffin,256,MC,40.5259518093533,141.418,0.28656855428130296,-0.5427714672930718
puffin,256,OCT,42.30908626980252,72.5772,0.5829528594352292,-0.2343665631053133
race_car,256,MC,17.503919813368057,65.6401,0.2666650388004902,-0.5740339188856773
race_car,256,OCT,19.662388271755642,31.93,0.6157966887490023,-0.2105626507071027
red_eyed_tree_frog,256,MC,50.83574083116319,214.088,0.23745254676190722,-0.6244231680962326
red_eyed_tree_frog,256,OCT,41.222574869791664,71.9685,0.5727863561112384,-0.24200733556083845
red_knobbed_starfish,256,MC,47.45296986897787,201.104,0.23596233724330626,-0.627157310727828
red_knobbed_starfish,256,OCT,68.64522637261285,104.009,0.6599931387919589,-0.18046057930704062
rescue_helicopter,256,MC,19.731402079264324,80.1305,0.24624084561140047,-0.6086399061069172
rescue_helicopter,256,OCT,17.269322713216145,33.8222,0.5105913486767905,-0.2919265480389396
rose_bouquet,256,MC,52.32293785942925,217.039,0.24107620224673565,-0.6178456587350601
rose_bouquet,256,OCT,87.05825466579861,119.07,0.7311518826387723,-0.1359923974056155
sagami_temple,256,MC,38.4819590250651,184.992,0.20801958476617963,-0.6818957748666844
sagami_temple,256,OCT,51.19041019015842,85.3564,0.5997255061150473,-0.22204748037772418
salad_bowl,256,MC,62.35022735595703,245.556,0.25391449345956535,-0.595312508855044
salad_bowl,256,OCT,108.4040035671658,134.633,0.8051815198886291,-0.09410620137217443
schoolgirls,256,MC,76.24908023410373,263.735,0.2891124812182825,-0.5389331590826398
schoolgirls,256,OCT,104.43466101752387,151.927,0.6874002712982147,-0.16279030079452475
seattle_great_wheel,256,MC,41.44023980034722,184.047,0.22516118056989368,-0.6475064829037959
seattle_great_wheel,256,OCT,60.93617587619357,91.9777,0.6625103245264187,-0.17880734931581357
shawls,256,MC,61.49283006456163,249.966,0.24600477690790598,-0.6090564597071823
shawls,256,OCT,109.77438608805339,140.6,0.7807566578097681,-0.10748430368730517
shopping_bags,256,MC,4.592959933810764,22.2457,0.20646506667853853,-0.6851534192237939
shopping_bags,256,OCT,3.022879706488715,4.25598,0.7102664266487895,-0.1485787133664779
siberian_tiger,256,MC,12.497037251790365,78.629,0.15893674409938272,-0.798775687972926
siberian_tiger,256,OCT,20.058650546603733,32.2527,0.6219215925055495,-0.20626436464777304
skiers,256,MC,32.13967725965712,135.478,0.23723170743336275,-0.6248272653791994
skiers,256,OCT,41.05146365695529,65.8658,0.6232591672302666,-0.20533132494093245
spices,256,MC,28.21872795952691,125.598,0.22467497857869478,-0.6484452910444882
spices,256,OCT,38.606066385904946,63.4643,0.6083115450088467,-0.2158739410809594
sports_bicycles,256,MC,58.10762956407335,231.558,0.25094200832652447,-0.6004266306053823
sports_bicycles,256,OCT,104.0142067803277,136.352,0.7628359450563812,-0.1175688510588572
sun_parakeet,256,MC,24.65160878499349,106.485,0.2315031110953983,-0.6354431682638016
sun_parakeet,256,OCT,23.879201253255207,46.312,0.5156158501739335,-0.2876737407808671
tablet,256,MC,28.66202714708116,69.5691,0.411993645843933,-0.38510948201588807
tablet,256,OCT,17.07721455891927,20.4215,0.8362370324863143,-0.07767060376917634
textile_market,256,MC,101.5786641438802,309.159,0.3285644737623042,-0.48337939672290153
textile_market,256,OCT,84.1733169555664,144.315,0.58326103977803,-0.234137032269649
trade_fair_tower,256,MC,11.158292982313368,44.3441,0.25162970907772103,-0.599238084503359
trade_fair_tower,256,OCT,11.234841240776909,19.0049,0.5911549779676246,-0.22829864897854144
traffic,256,MC,38.16462961832682,145.289,0.2626807922026225,-0.5805716826208196
traffic,256,OCT,43.12931484646268,74.8371,0.5763092750315375,-0.23934439089478085
tulip_field,256,MC,67.89459143744574,236.203,0.287441698189463,-0.5414502300083387
tulip_field,256,OCT,93.81961737738715,144.204,0.6506034324802858,-0.1866836497794726
umbrellas,256,MC,57.42718166775174,205.05,0.28006428513899895,-0.5527422705266946
umbrellas,256,OCT,74.5050048828125,115.049,0.6475936764579657,-0.18869740064259807
veggie_pizza,256,MC,29.107758416069878,111.835,0.26027413972432495,-0.5845689803077846
veggie_pizza,256,OCT,41.33797963460287,59.3602,0.6963921892884941,-0.15714610855977504
veggies,256,MC,46.14502716064453,157.119,0.29369476104509656,-0.5321038003941164
veggies,256,OCT,65.0735371907552,93.3384,0.6971786230614111,-0.15665593772498085
venetian_lagoon,256,MC,26.497430589463974,110.202,0.24044418966501493,-0.6189857131915909
venetian_lagoon,256,OCT,37.651448567708336,58.1205,0.6478170106538714,-0.18854765228738052
vintage_cars,256,MC,47.86270056830512,152.931,0.3129692512852536,-0.5044983290769465
vintage_cars,256,OCT,65.40341356065538,90.3896,0.7235723308948748,-0.1405180487351452
wooden_toys,256,MC,43.8415281507704,99.4537,0.4408235002897871,-0.355735261311147
wooden_toys,256,OCT,23.736154344346787,46.9213,0.5058716264116038,-0.2959596788409701
wool_carder_bee,256,MC,43.747355143229164,166.813,0.2622538719597943,-0.5812780910910899
wool_carder_bee,256,OCT,72.84835137261285,99.7658,0.7301936272010333,-0.13656196169511495
yasaka_pagoda,256,MC,12.956338670518663,60.566,0.21392098983784075,-0.6697466005452656
yasaka_pagoda,256,OCT,16.45129903157552,26.8215,0.6133623783746442,-0.21228286572778832
