image,method,psnr,dE00,bytes
kodim01.png,bmshj2018_q2,25.82,4.45,12567
kodim01.png,bmshj2018_q4,28.58,3.293,31089
kodim01.png,bmshj2018_q6,33.14,2.183,72524
kodim01.png,bmshj2018_q8,38.32,1.434,131716
kodim01.png,CE-KMeans,34.983,1.781,187363
kodim02.png,bmshj2018_q2,30.04,2.498,7362
kodim02.png,bmshj2018_q4,32.57,1.797,16724
kodim02.png,bmshj2018_q6,35.83,1.298,38375
kodim02.png,bmshj2018_q8,39.91,0.889,79410
kodim02.png,CE-KMeans,35.869,0.92,208755
kodim03.png,bmshj2018_q2,31.44,2.71,6590
kodim03.png,bmshj2018_q4,34.34,1.828,14388
kodim03.png,bmshj2018_q6,38.12,1.312,29685
kodim03.png,bmshj2018_q8,41.71,0.975,56241
kodim03.png,CE-KMeans,31.979,2.003,77075
kodim04.png,bmshj2018_q2,29.76,3.047,7510
kodim04.png,bmshj2018_q4,32.75,2.098,17259
kodim04.png,bmshj2018_q6,36.19,1.513,38074
kodim04.png,bmshj2018_q8,39.96,1.099,76850
kodim04.png,CE-KMeans,33.162,2.072,118397
kodim05.png,bmshj2018_q2,24.95,5.485,14457
kodim05.png,bmshj2018_q4,28.62,3.837,33169
kodim05.png,bmshj2018_q6,33.61,2.522,67071
kodim05.png,bmshj2018_q8,38.21,1.693,115529
kodim05.png,CE-KMeans,29.754,3.097,159433
kodim06.png,bmshj2018_q2,26.5,3.719,10193
kodim06.png,bmshj2018_q4,29.59,2.677,24892
kodim06.png,bmshj2018_q6,34.44,1.772,56403
kodim06.png,bmshj2018_q8,39.19,1.178,102267
kodim06.png,CE-KMeans,34.457,1.862,137649
kodim07.png,bmshj2018_q2,30.27,3.614,8686
kodim07.png,bmshj2018_q4,33.94,2.244,17901
kodim07.png,bmshj2018_q6,37.81,1.525,34276
kodim07.png,bmshj2018_q8,41.35,1.123,61870
kodim07.png,CE-KMeans,33.066,1.972,109236
kodim08.png,bmshj2018_q2,23.99,5.493,15011
kodim08.png,bmshj2018_q4,27.52,3.937,34294
kodim08.png,bmshj2018_q6,32.54,2.65,73629
kodim08.png,bmshj2018_q8,37.39,1.817,133663
kodim08.png,CE-KMeans,31.402,2.829,151936
kodim09.png,bmshj2018_q2,30.78,3.572,7349
kodim09.png,bmshj2018_q4,34.14,2.114,15463
kodim09.png,bmshj2018_q6,37.51,1.586,30816
kodim09.png,bmshj2018_q8,40.44,1.284,60834
kodim09.png,CE-KMeans,33.484,1.787,143606
kodim10.png,bmshj2018_q2,30.19,3.439,7585
kodim10.png,bmshj2018_q4,33.93,2.194,16290
kodim10.png,bmshj2018_q6,37.33,1.669,32456
kodim10.png,bmshj2018_q8,40.42,1.31,63901
kodim10.png,CE-KMeans,34.1,1.984,125292
kodim11.png,bmshj2018_q2,27.79,3.781,9005
kodim11.png,bmshj2018_q4,30.72,2.694,21646
kodim11.png,bmshj2018_q6,34.91,1.868,48834
kodim11.png,bmshj2018_q8,39.52,1.301,93931
kodim11.png,CE-KMeans,33.523,2.069,131328
kodim12.png,bmshj2018_q2,31.17,2.459,6835
kodim12.png,bmshj2018_q4,34.05,1.715,15383
kodim12.png,bmshj2018_q6,37.43,1.272,33127
kodim12.png,bmshj2018_q8,41.02,0.943,66144
kodim12.png,CE-KMeans,34.115,1.642,104812
kodim13.png,bmshj2018_q2,22.45,5.784,14150
kodim13.png,bmshj2018_q4,25.13,4.46,37991
kodim13.png,bmshj2018_q6,30.11,2.935,93431
kodim13.png,bmshj2018_q8,35.98,1.83,170225
kodim13.png,CE-KMeans,32.431,2.494,195725
kodim14.png,bmshj2018_q2,26.55,4.076,11037
kodim14.png,bmshj2018_q4,29.69,2.949,26522
kodim14.png,bmshj2018_q6,33.92,2.036,58271
kodim14.png,bmshj2018_q8,38.38,1.398,109572
kodim14.png,CE-KMeans,30.977,2.501,140504
kodim15.png,bmshj2018_q2,29.9,2.939,7285
kodim15.png,bmshj2018_q4,32.49,2.11,16441
kodim15.png,bmshj2018_q6,35.96,1.553,36303
kodim15.png,bmshj2018_q8,39.99,1.133,73453
kodim15.png,CE-KMeans,31.89,2.142,99573
kodim16.png,bmshj2018_q2,29.32,3.237,7237
kodim16.png,bmshj2018_q4,32.29,2.269,17838
kodim16.png,bmshj2018_q6,36.46,1.614,40454
kodim16.png,bmshj2018_q8,40.7,1.193,77556
kodim16.png,CE-KMeans,36.436,1.663,123199
kodim17.png,bmshj2018_q2,29.72,3.075,7467
kodim17.png,bmshj2018_q4,32.59,2.296,16493
kodim17.png,bmshj2018_q6,36.46,1.764,34705
kodim17.png,bmshj2018_q8,40.14,1.364,68751
kodim17.png,CE-KMeans,34.955,1.815,143249
kodim18.png,bmshj2018_q2,25.81,4.7,10742
kodim18.png,bmshj2018_q4,28.47,3.529,26295
kodim18.png,bmshj2018_q6,32.89,2.487,58293
kodim18.png,bmshj2018_q8,37.22,1.767,112909
kodim18.png,CE-KMeans,30.847,2.75,163448
kodim19.png,bmshj2018_q2,28.22,3.501,8346
kodim19.png,bmshj2018_q4,31.33,2.634,19746
kodim19.png,bmshj2018_q6,35.28,1.904,44861
kodim19.png,bmshj2018_q8,39.35,1.415,88297
kodim19.png,CE-KMeans,34.179,1.98,137819
kodim20.png,bmshj2018_q2,30.31,2.524,7195
kodim20.png,bmshj2018_q4,32.99,1.998,15729
kodim20.png,bmshj2018_q6,36.8,1.531,34302
kodim20.png,bmshj2018_q8,40.35,1.201,67484
kodim20.png,CE-KMeans,33.973,1.573,134667
kodim21.png,bmshj2018_q2,27.11,3.686,9639
kodim21.png,bmshj2018_q4,30.22,2.64,22416
kodim21.png,bmshj2018_q6,34.63,1.918,49577
kodim21.png,bmshj2018_q8,38.94,1.425,93332
kodim21.png,CE-KMeans,33.3,2.136,133139
kodim22.png,bmshj2018_q2,28.23,4.164,8406
kodim22.png,bmshj2018_q4,30.94,3.058,20814
kodim22.png,bmshj2018_q6,34.63,2.191,48115
kodim22.png,bmshj2018_q8,38.67,1.537,95711
kodim22.png,CE-KMeans,31.34,2.748,139785
kodim23.png,bmshj2018_q2,31.51,2.571,6695
kodim23.png,bmshj2018_q4,34.93,1.749,13549
kodim23.png,bmshj2018_q6,38.31,1.3,26565
kodim23.png,bmshj2018_q8,41.11,1.005,51842
kodim23.png,CE-KMeans,29.622,2.869,70421
kodim24.png,bmshj2018_q2,25.01,4.529,10666
kodim24.png,bmshj2018_q4,27.92,3.33,26358
kodim24.png,bmshj2018_q6,32.91,2.312,58589
kodim24.png,bmshj2018_q8,37.36,1.646,107792
kodim24.png,CE-KMeans,32.415,2.534,145455
