image,k,space,vif
adirondack_chairs,4,luv,0.119230
adirondack_chairs,4,rgb,0.216590
adirondack_chairs,4,xyz,0.192278
adirondack_chairs,16,luv,0.273300
adirondack_chairs,16,rgb,0.351492
adirondack_chairs,16,xyz,0.306234
adirondack_chairs,64,luv,0.422026
adirondack_chairs,64,rgb,0.506027
adirondack_chairs,64,xyz,0.430333
adirondack_chairs,256,luv,0.558739
adirondack_chairs,256,rgb,0.646589
adirondack_chairs,256,xyz,0.559998
astro_bodies,4,luv,0.237618
astro_bodies,4,rgb,0.285072
astro_bodies,4,xyz,0.232721
astro_bodies,16,luv,0.394708
astro_bodies,16,rgb,0.486301
astro_bodies,16,xyz,0.436755
astro_bodies,64,luv,0.558271
astro_bodies,64,rgb,0.640478
astro_bodies,64,xyz,0.620335
astro_bodies,256,luv,0.736092
astro_bodies,256,rgb,0.801531
astro_bodies,256,xyz,0.758100
astronaut,4,luv,0.179540
astronaut,4,rgb,0.237395
astronaut,4,xyz,0.236095
astronaut,16,luv,0.397594
astronaut,16,rgb,0.446149
astronaut,16,xyz,0.471163
astronaut,64,luv,0.600631
astronaut,64,rgb,0.705177
astronaut,64,xyz,0.684055
astronaut,256,luv,0.761104
astronaut,256,rgb,0.845533
astronaut,256,xyz,0.812216
balinese_dancer,4,luv,0.189292
balinese_dancer,4,rgb,0.222676
balinese_dancer,4,xyz,0.207671
balinese_dancer,16,luv,0.289760
balinese_dancer,16,rgb,0.367857
balinese_dancer,16,xyz,0.331139
balinese_dancer,64,luv,0.421714
balinese_dancer,64,rgb,0.514030
balinese_dancer,64,xyz,0.443353
balinese_dancer,256,luv,0.551821
balinese_dancer,256,rgb,0.664110
balinese_dancer,256,xyz,0.557861
ball_caps,4,luv,0.114606
ball_caps,4,rgb,0.188862
ball_caps,4,xyz,0.207585
ball_caps,16,luv,0.235291
ball_caps,16,rgb,0.317906
ball_caps,16,xyz,0.317869
ball_caps,64,luv,0.396616
ball_caps,64,rgb,0.525932
ball_caps,64,xyz,0.525368
ball_caps,256,luv,0.584873
ball_caps,256,rgb,0.710897
ball_caps,256,xyz,0.690681
birthday_baloons,4,luv,0.079732
birthday_baloons,4,rgb,0.112457
birthday_baloons,4,xyz,0.113200
birthday_baloons,16,luv,0.200673
birthday_baloons,16,rgb,0.249679
birthday_baloons,16,xyz,0.235050
birthday_baloons,64,luv,0.340875
birthday_baloons,64,rgb,0.405110
birthday_baloons,64,xyz,0.386279
birthday_baloons,256,luv,0.495846
birthday_baloons,256,rgb,0.574537
birthday_baloons,256,xyz,0.534974
bosnian_pine_needle,4,luv,0.192881
bosnian_pine_needle,4,rgb,0.208531
bosnian_pine_needle,4,xyz,0.148240
bosnian_pine_needle,16,luv,0.310915
bosnian_pine_needle,16,rgb,0.388190
bosnian_pine_needle,16,xyz,0.308072
bosnian_pine_needle,64,luv,0.434409
bosnian_pine_needle,64,rgb,0.530294
bosnian_pine_needle,64,xyz,0.448553
bosnian_pine_needle,256,luv,0.548685
bosnian_pine_needle,256,rgb,0.650086
bosnian_pine_needle,256,xyz,0.551285
buggy,4,luv,0.147118
buggy,4,rgb,0.188550
buggy,4,xyz,0.144436
buggy,16,luv,0.339650
buggy,16,rgb,0.388246
buggy,16,xyz,0.304371
buggy,64,luv,0.506093
buggy,64,rgb,0.600076
buggy,64,xyz,0.549503
buggy,256,luv,0.648188
buggy,256,rgb,0.739272
buggy,256,xyz,0.697771
calaveras,4,luv,0.130679
calaveras,4,rgb,0.174657
calaveras,4,xyz,0.142430
calaveras,16,luv,0.246714
calaveras,16,rgb,0.310096
calaveras,16,xyz,0.239175
calaveras,64,luv,0.367002
calaveras,64,rgb,0.455278
calaveras,64,xyz,0.370428
calaveras,256,luv,0.501128
calaveras,256,rgb,0.601723
calaveras,256,xyz,0.481574
carrots,4,luv,0.218173
carrots,4,rgb,0.317316
carrots,4,xyz,0.274397
carrots,16,luv,0.371836
carrots,16,rgb,0.492881
carrots,16,xyz,0.443007
carrots,64,luv,0.519158
carrots,64,rgb,0.632589
carrots,64,xyz,0.580667
carrots,256,luv,0.647578
carrots,256,rgb,0.747741
carrots,256,xyz,0.683086
chalk_pastels,4,luv,0.065328
chalk_pastels,4,rgb,0.209558
chalk_pastels,4,xyz,0.151985
chalk_pastels,16,luv,0.272825
chalk_pastels,16,rgb,0.380897
chalk_pastels,16,xyz,0.393062
chalk_pastels,64,luv,0.461845
chalk_pastels,64,rgb,0.553012
chalk_pastels,64,xyz,0.531747
chalk_pastels,256,luv,0.619592
chalk_pastels,256,rgb,0.717335
chalk_pastels,256,xyz,0.678259
chicken_dish,4,luv,0.127970
chicken_dish,4,rgb,0.232618
chicken_dish,4,xyz,0.229248
chicken_dish,16,luv,0.267390
chicken_dish,16,rgb,0.348181
chicken_dish,16,xyz,0.362328
chicken_dish,64,luv,0.397738
chicken_dish,64,rgb,0.510848
chicken_dish,64,xyz,0.458915
chicken_dish,256,luv,0.529184
chicken_dish,256,rgb,0.653009
chicken_dish,256,xyz,0.564167
chili_peppers,4,luv,0.129092
chili_peppers,4,rgb,0.161177
chili_peppers,4,xyz,0.182775
chili_peppers,16,luv,0.221117
chili_peppers,16,rgb,0.322897
chili_peppers,16,xyz,0.276566
chili_peppers,64,luv,0.360944
chili_peppers,64,rgb,0.466125
chili_peppers,64,xyz,0.387282
chili_peppers,256,luv,0.498449
chili_peppers,256,rgb,0.615652
chili_peppers,256,xyz,0.522983
clownfish,4,luv,0.143894
clownfish,4,rgb,0.215194
clownfish,4,xyz,0.195628
clownfish,16,luv,0.250003
clownfish,16,rgb,0.365916
clownfish,16,xyz,0.351022
clownfish,64,luv,0.383985
clownfish,64,rgb,0.506114
clownfish,64,xyz,0.476174
clownfish,256,luv,0.520082
clownfish,256,rgb,0.633026
clownfish,256,xyz,0.590292
color_chart,4,luv,0.070911
color_chart,4,rgb,0.192451
color_chart,4,xyz,0.230521
color_chart,16,luv,0.244214
color_chart,16,rgb,0.323150
color_chart,16,xyz,0.362752
color_chart,64,luv,0.356315
color_chart,64,rgb,0.482091
color_chart,64,xyz,0.439858
color_chart,256,luv,0.615702
color_chart,256,rgb,0.677616
color_chart,256,xyz,0.622840
color_checker,4,luv,0.399124
color_checker,4,rgb,0.407170
color_checker,4,xyz,0.343521
color_checker,16,luv,0.480095
color_checker,16,rgb,0.553364
color_checker,16,xyz,0.492119
color_checker,64,luv,0.681677
color_checker,64,rgb,0.730109
color_checker,64,xyz,0.658835
color_checker,256,luv,0.820380
color_checker,256,rgb,0.864417
color_checker,256,xyz,0.791178
coloring_pencils,4,luv,0.143924
coloring_pencils,4,rgb,0.162868
coloring_pencils,4,xyz,0.153804
coloring_pencils,16,luv,0.241344
coloring_pencils,16,rgb,0.305728
coloring_pencils,16,xyz,0.247561
coloring_pencils,64,luv,0.398243
coloring_pencils,64,rgb,0.472270
coloring_pencils,64,xyz,0.402115
coloring_pencils,256,luv,0.550586
coloring_pencils,256,rgb,0.640680
coloring_pencils,256,xyz,0.564593
columbia_crew,4,luv,0.141385
columbia_crew,4,rgb,0.206211
columbia_crew,4,xyz,0.169666
columbia_crew,16,luv,0.354521
columbia_crew,16,rgb,0.411688
columbia_crew,16,xyz,0.348028
columbia_crew,64,luv,0.515570
columbia_crew,64,rgb,0.595645
columbia_crew,64,xyz,0.541428
columbia_crew,256,luv,0.654549
columbia_crew,256,rgb,0.737899
columbia_crew,256,xyz,0.665017
common_jezebel,4,luv,0.139043
common_jezebel,4,rgb,0.180027
common_jezebel,4,xyz,0.186088
common_jezebel,16,luv,0.294265
common_jezebel,16,rgb,0.387763
common_jezebel,16,xyz,0.366251
common_jezebel,64,luv,0.434740
common_jezebel,64,rgb,0.546366
common_jezebel,64,xyz,0.513486
common_jezebel,256,luv,0.579335
common_jezebel,256,rgb,0.690631
common_jezebel,256,xyz,0.622485
common_lantanas,4,luv,0.158015
common_lantanas,4,rgb,0.208268
common_lantanas,4,xyz,0.233560
common_lantanas,16,luv,0.260776
common_lantanas,16,rgb,0.347162
common_lantanas,16,xyz,0.337364
common_lantanas,64,luv,0.392508
common_lantanas,64,rgb,0.495905
common_lantanas,64,xyz,0.446766
common_lantanas,256,luv,0.516552
common_lantanas,256,rgb,0.624321
common_lantanas,256,xyz,0.554713
cosmic_vista,4,luv,0.145103
cosmic_vista,4,rgb,0.196918
cosmic_vista,4,xyz,0.175341
cosmic_vista,16,luv,0.302824
cosmic_vista,16,rgb,0.361854
cosmic_vista,16,xyz,0.333604
cosmic_vista,64,luv,0.431127
cosmic_vista,64,rgb,0.529809
cosmic_vista,64,xyz,0.473170
cosmic_vista,256,luv,0.575646
cosmic_vista,256,rgb,0.672563
cosmic_vista,256,xyz,0.603593
craft_cards,4,luv,0.282849
craft_cards,4,rgb,0.286248
craft_cards,4,xyz,0.276251
craft_cards,16,luv,0.404644
craft_cards,16,rgb,0.437953
craft_cards,16,xyz,0.398425
craft_cards,64,luv,0.581154
craft_cards,64,rgb,0.652566
craft_cards,64,xyz,0.568037
craft_cards,256,luv,0.704806
craft_cards,256,rgb,0.801212
craft_cards,256,xyz,0.701402
crepe_paper,4,luv,0.074528
crepe_paper,4,rgb,0.111524
crepe_paper,4,xyz,0.095841
crepe_paper,16,luv,0.259580
crepe_paper,16,rgb,0.263562
crepe_paper,16,xyz,0.261496
crepe_paper,64,luv,0.555491
crepe_paper,64,rgb,0.587751
crepe_paper,64,xyz,0.564504
crepe_paper,256,luv,0.770330
crepe_paper,256,rgb,0.805888
crepe_paper,256,xyz,0.762646
cruise_ship,4,luv,0.124298
cruise_ship,4,rgb,0.177869
cruise_ship,4,xyz,0.144514
cruise_ship,16,luv,0.271850
cruise_ship,16,rgb,0.334312
cruise_ship,16,xyz,0.320358
cruise_ship,64,luv,0.425679
cruise_ship,64,rgb,0.515281
cruise_ship,64,xyz,0.478743
cruise_ship,256,luv,0.569897
cruise_ship,256,rgb,0.665442
cruise_ship,256,xyz,0.632959
curler,4,luv,0.174594
curler,4,rgb,0.235765
curler,4,xyz,0.222258
curler,16,luv,0.305022
curler,16,rgb,0.377235
curler,16,xyz,0.371293
curler,64,luv,0.444749
curler,64,rgb,0.542805
curler,64,xyz,0.524259
curler,256,luv,0.596256
curler,256,rgb,0.697363
curler,256,xyz,0.663013
daisy_bouquet,4,luv,0.123917
daisy_bouquet,4,rgb,0.147529
daisy_bouquet,4,xyz,0.174309
daisy_bouquet,16,luv,0.260693
daisy_bouquet,16,rgb,0.334335
daisy_bouquet,16,xyz,0.301539
daisy_bouquet,64,luv,0.400172
daisy_bouquet,64,rgb,0.480818
daisy_bouquet,64,xyz,0.436548
daisy_bouquet,256,luv,0.539800
daisy_bouquet,256,rgb,0.623176
daisy_bouquet,256,xyz,0.555338
daisy_poster,4,luv,0.289390
daisy_poster,4,rgb,0.336340
daisy_poster,4,xyz,0.341978
daisy_poster,16,luv,0.431839
daisy_poster,16,rgb,0.520888
daisy_poster,16,xyz,0.483740
daisy_poster,64,luv,0.583173
daisy_poster,64,rgb,0.670907
daisy_poster,64,xyz,0.589726
daisy_poster,256,luv,0.707927
daisy_poster,256,rgb,0.793709
daisy_poster,256,xyz,0.717665
easter_egg_basket,4,luv,0.076266
easter_egg_basket,4,rgb,0.155866
easter_egg_basket,4,xyz,0.114118
easter_egg_basket,16,luv,0.195003
easter_egg_basket,16,rgb,0.289117
easter_egg_basket,16,xyz,0.282959
easter_egg_basket,64,luv,0.338882
easter_egg_basket,64,rgb,0.453016
easter_egg_basket,64,xyz,0.402983
easter_egg_basket,256,luv,0.480448
easter_egg_basket,256,rgb,0.595134
easter_egg_basket,256,xyz,0.528524
easter_eggs,4,luv,0.048677
easter_eggs,4,rgb,0.096234
easter_eggs,4,xyz,0.103673
easter_eggs,16,luv,0.161659
easter_eggs,16,rgb,0.191599
easter_eggs,16,xyz,0.202091
easter_eggs,64,luv,0.288604
easter_eggs,64,rgb,0.345461
easter_eggs,64,xyz,0.367087
easter_eggs,256,luv,0.440218
easter_eggs,256,rgb,0.521327
easter_eggs,256,xyz,0.522905
eastern_rosella,4,luv,0.084696
eastern_rosella,4,rgb,0.214061
eastern_rosella,4,xyz,0.176964
eastern_rosella,16,luv,0.240804
eastern_rosella,16,rgb,0.343890
eastern_rosella,16,xyz,0.320592
eastern_rosella,64,luv,0.370640
eastern_rosella,64,rgb,0.486106
eastern_rosella,64,xyz,0.453904
eastern_rosella,256,luv,0.496854
eastern_rosella,256,rgb,0.616884
eastern_rosella,256,xyz,0.567414
felt_ball_trivet,4,luv,0.066699
felt_ball_trivet,4,rgb,0.079324
felt_ball_trivet,4,xyz,0.097096
felt_ball_trivet,16,luv,0.115352
felt_ball_trivet,16,rgb,0.190497
felt_ball_trivet,16,xyz,0.179466
felt_ball_trivet,64,luv,0.244476
felt_ball_trivet,64,rgb,0.339669
felt_ball_trivet,64,xyz,0.327785
felt_ball_trivet,256,luv,0.397370
felt_ball_trivet,256,rgb,0.528404
felt_ball_trivet,256,xyz,0.480550
fishing_nets,4,luv,0.064749
fishing_nets,4,rgb,0.150400
fishing_nets,4,xyz,0.135906
fishing_nets,16,luv,0.199553
fishing_nets,16,rgb,0.312620
fishing_nets,16,xyz,0.347917
fishing_nets,64,luv,0.378257
fishing_nets,64,rgb,0.484314
fishing_nets,64,xyz,0.438988
fishing_nets,256,luv,0.529024
fishing_nets,256,rgb,0.631247
fishing_nets,256,xyz,0.572241
floating_market,4,luv,0.181512
floating_market,4,rgb,0.291054
floating_market,4,xyz,0.238696
floating_market,16,luv,0.336301
floating_market,16,rgb,0.438819
floating_market,16,xyz,0.381725
floating_market,64,luv,0.466500
floating_market,64,rgb,0.570194
floating_market,64,xyz,0.496420
floating_market,256,luv,0.585886
floating_market,256,rgb,0.683520
floating_market,256,xyz,0.618673
fruit_dessert,4,luv,0.116434
fruit_dessert,4,rgb,0.128289
fruit_dessert,4,xyz,0.135235
fruit_dessert,16,luv,0.236459
fruit_dessert,16,rgb,0.306001
fruit_dessert,16,xyz,0.235296
fruit_dessert,64,luv,0.372992
fruit_dessert,64,rgb,0.474096
fruit_dessert,64,xyz,0.370965
fruit_dessert,256,luv,0.508302
fruit_dessert,256,rgb,0.621434
fruit_dessert,256,xyz,0.499124
fruit_stand,4,luv,0.118978
fruit_stand,4,rgb,0.237771
fruit_stand,4,xyz,0.194976
fruit_stand,16,luv,0.247230
fruit_stand,16,rgb,0.375483
fruit_stand,16,xyz,0.330698
fruit_stand,64,luv,0.384299
fruit_stand,64,rgb,0.500960
fruit_stand,64,xyz,0.438433
fruit_stand,256,luv,0.515014
fruit_stand,256,rgb,0.622662
fruit_stand,256,xyz,0.548201
fruits,4,luv,0.066423
fruits,4,rgb,0.165012
fruits,4,xyz,0.170302
fruits,16,luv,0.188572
fruits,16,rgb,0.281044
fruits,16,xyz,0.276740
fruits,64,luv,0.311632
fruits,64,rgb,0.418697
fruits,64,xyz,0.380019
fruits,256,luv,0.456623
fruits,256,rgb,0.568335
fruits,256,xyz,0.518338
fruits_veggies,4,luv,0.078530
fruits_veggies,4,rgb,0.177732
fruits_veggies,4,xyz,0.147837
fruits_veggies,16,luv,0.225903
fruits_veggies,16,rgb,0.317044
fruits_veggies,16,xyz,0.281703
fruits_veggies,64,luv,0.342841
fruits_veggies,64,rgb,0.455558
fruits_veggies,64,xyz,0.403398
fruits_veggies,256,luv,0.487714
fruits_veggies,256,rgb,0.600151
fruits_veggies,256,xyz,0.526940
german_hot_air_balloon,4,luv,0.134549
german_hot_air_balloon,4,rgb,0.161054
german_hot_air_balloon,4,xyz,0.149201
german_hot_air_balloon,16,luv,0.294413
german_hot_air_balloon,16,rgb,0.340698
german_hot_air_balloon,16,xyz,0.320207
german_hot_air_balloon,64,luv,0.450915
german_hot_air_balloon,64,rgb,0.521408
german_hot_air_balloon,64,xyz,0.479402
german_hot_air_balloon,256,luv,0.601374
german_hot_air_balloon,256,rgb,0.675731
german_hot_air_balloon,256,xyz,0.625022
girl,4,luv,0.121800
girl,4,rgb,0.146886
girl,4,xyz,0.167331
girl,16,luv,0.268793
girl,16,rgb,0.358842
girl,16,xyz,0.313548
girl,64,luv,0.418874
girl,64,rgb,0.549811
girl,64,xyz,0.511317
girl,256,luv,0.579415
girl,256,rgb,0.703908
girl,256,xyz,0.642446
gourds,4,luv,0.124183
gourds,4,rgb,0.190070
gourds,4,xyz,0.156638
gourds,16,luv,0.246508
gourds,16,rgb,0.341596
gourds,16,xyz,0.303021
gourds,64,luv,0.379321
gourds,64,rgb,0.479923
gourds,64,xyz,0.424436
gourds,256,luv,0.503108
gourds,256,rgb,0.613354
gourds,256,xyz,0.538343
grilled_food,4,luv,0.154234
grilled_food,4,rgb,0.213119
grilled_food,4,xyz,0.193155
grilled_food,16,luv,0.249650
grilled_food,16,rgb,0.340650
grilled_food,16,xyz,0.306602
grilled_food,64,luv,0.380965
grilled_food,64,rgb,0.483634
grilled_food,64,xyz,0.417926
grilled_food,256,luv,0.513214
grilled_food,256,rgb,0.614636
grilled_food,256,xyz,0.528302
hard_candy,4,luv,0.098285
hard_candy,4,rgb,0.162184
hard_candy,4,xyz,0.127457
hard_candy,16,luv,0.169833
hard_candy,16,rgb,0.266367
hard_candy,16,xyz,0.244184
hard_candy,64,luv,0.289537
hard_candy,64,rgb,0.414157
hard_candy,64,xyz,0.369969
hard_candy,256,luv,0.429964
hard_candy,256,rgb,0.566490
hard_candy,256,xyz,0.503377
italian_hot_air_balloon,4,luv,0.058993
italian_hot_air_balloon,4,rgb,0.152683
italian_hot_air_balloon,4,xyz,0.206049
italian_hot_air_balloon,16,luv,0.234269
italian_hot_air_balloon,16,rgb,0.316959
italian_hot_air_balloon,16,xyz,0.310386
italian_hot_air_balloon,64,luv,0.390098
italian_hot_air_balloon,64,rgb,0.468536
italian_hot_air_balloon,64,xyz,0.443203
italian_hot_air_balloon,256,luv,0.527639
italian_hot_air_balloon,256,rgb,0.624155
italian_hot_air_balloon,256,xyz,0.578908
jacksons_chameleon,4,luv,0.077205
jacksons_chameleon,4,rgb,0.176327
jacksons_chameleon,4,xyz,0.191665
jacksons_chameleon,16,luv,0.214086
jacksons_chameleon,16,rgb,0.318778
jacksons_chameleon,16,xyz,0.312543
jacksons_chameleon,64,luv,0.330380
jacksons_chameleon,64,rgb,0.438952
jacksons_chameleon,64,xyz,0.420665
jacksons_chameleon,256,luv,0.467309
jacksons_chameleon,256,rgb,0.574939
jacksons_chameleon,256,xyz,0.527563
king_penguin,4,luv,0.072863
king_penguin,4,rgb,0.125669
king_penguin,4,xyz,0.151713
king_penguin,16,luv,0.256155
king_penguin,16,rgb,0.352675
king_penguin,16,xyz,0.292364
king_penguin,64,luv,0.389361
king_penguin,64,rgb,0.516662
king_penguin,64,xyz,0.475521
king_penguin,256,luv,0.547556
king_penguin,256,rgb,0.660533
king_penguin,256,xyz,0.606960
king_vulture,4,luv,0.037109
king_vulture,4,rgb,0.126562
king_vulture,4,xyz,0.123983
king_vulture,16,luv,0.158216
king_vulture,16,rgb,0.235012
king_vulture,16,xyz,0.244957
king_vulture,64,luv,0.292023
king_vulture,64,rgb,0.404459
king_vulture,64,xyz,0.368867
king_vulture,256,luv,0.438069
king_vulture,256,rgb,0.557322
king_vulture,256,xyz,0.525878
kingfisher,4,luv,0.133314
kingfisher,4,rgb,0.170803
kingfisher,4,xyz,0.171490
kingfisher,16,luv,0.216861
kingfisher,16,rgb,0.305957
kingfisher,16,xyz,0.319817
kingfisher,64,luv,0.344275
kingfisher,64,rgb,0.433650
kingfisher,64,xyz,0.461458
kingfisher,256,luv,0.504046
kingfisher,256,rgb,0.601568
kingfisher,256,xyz,0.588641
korean_dancer,4,luv,0.107015
korean_dancer,4,rgb,0.168478
korean_dancer,4,xyz,0.174730
korean_dancer,16,luv,0.236336
korean_dancer,16,rgb,0.302169
korean_dancer,16,xyz,0.319404
korean_dancer,64,luv,0.366802
korean_dancer,64,rgb,0.474160
korean_dancer,64,xyz,0.479460
korean_dancer,256,luv,0.518640
korean_dancer,256,rgb,0.641604
korean_dancer,256,xyz,0.613422
lights,4,luv,0.119082
lights,4,rgb,0.151047
lights,4,xyz,0.162393
lights,16,luv,0.237913
lights,16,rgb,0.303911
lights,16,xyz,0.270238
lights,64,luv,0.369846
lights,64,rgb,0.442759
lights,64,xyz,0.381341
lights,256,luv,0.496294
lights,256,rgb,0.574993
lights,256,xyz,0.498393
macarons,4,luv,0.060425
macarons,4,rgb,0.123620
macarons,4,xyz,0.112250
macarons,16,luv,0.137339
macarons,16,rgb,0.211953
macarons,16,xyz,0.221786
macarons,64,luv,0.248321
macarons,64,rgb,0.344117
macarons,64,xyz,0.357499
macarons,256,luv,0.377442
macarons,256,rgb,0.498365
macarons,256,xyz,0.464780
macaws,4,luv,0.047781
macaws,4,rgb,0.085297
macaws,4,xyz,0.134430
macaws,16,luv,0.163125
macaws,16,rgb,0.255406
macaws,16,xyz,0.259065
macaws,64,luv,0.286610
macaws,64,rgb,0.431317
macaws,64,xyz,0.408345
macaws,256,luv,0.452650
macaws,256,rgb,0.596942
macaws,256,xyz,0.566688
malayan_banded_pitta,4,luv,0.118080
malayan_banded_pitta,4,rgb,0.184732
malayan_banded_pitta,4,xyz,0.196378
malayan_banded_pitta,16,luv,0.212545
malayan_banded_pitta,16,rgb,0.347357
malayan_banded_pitta,16,xyz,0.346598
malayan_banded_pitta,64,luv,0.343020
malayan_banded_pitta,64,rgb,0.473989
malayan_banded_pitta,64,xyz,0.478825
malayan_banded_pitta,256,luv,0.490592
malayan_banded_pitta,256,rgb,0.621926
malayan_banded_pitta,256,xyz,0.597268
mandarin_ducks,4,luv,0.166391
mandarin_ducks,4,rgb,0.261482
mandarin_ducks,4,xyz,0.210017
mandarin_ducks,16,luv,0.333557
mandarin_ducks,16,rgb,0.456656
mandarin_ducks,16,xyz,0.461743
mandarin_ducks,64,luv,0.482877
mandarin_ducks,64,rgb,0.621460
mandarin_ducks,64,xyz,0.603762
mandarin_ducks,256,luv,0.620659
mandarin_ducks,256,rgb,0.741324
mandarin_ducks,256,xyz,0.717886
mandarinfish,4,luv,0.073070
mandarinfish,4,rgb,0.119307
mandarinfish,4,xyz,0.098347
mandarinfish,16,luv,0.157958
mandarinfish,16,rgb,0.257760
mandarinfish,16,xyz,0.253672
mandarinfish,64,luv,0.259532
mandarinfish,64,rgb,0.381932
mandarinfish,64,xyz,0.371584
mandarinfish,256,luv,0.392892
mandarinfish,256,rgb,0.515573
mandarinfish,256,xyz,0.472893
mangoes,4,luv,0.083473
mangoes,4,rgb,0.128599
mangoes,4,xyz,0.120715
mangoes,16,luv,0.218329
mangoes,16,rgb,0.271053
mangoes,16,xyz,0.294620
mangoes,64,luv,0.368655
mangoes,64,rgb,0.470356
mangoes,64,xyz,0.462596
mangoes,256,luv,0.534254
mangoes,256,rgb,0.631408
mangoes,256,xyz,0.592057
marrakech_museum,4,luv,0.219939
marrakech_museum,4,rgb,0.295690
marrakech_museum,4,xyz,0.294283
marrakech_museum,16,luv,0.407972
marrakech_museum,16,rgb,0.472808
marrakech_museum,16,xyz,0.417048
marrakech_museum,64,luv,0.536627
marrakech_museum,64,rgb,0.620187
marrakech_museum,64,xyz,0.526128
marrakech_museum,256,luv,0.640890
marrakech_museum,256,rgb,0.733783
marrakech_museum,256,xyz,0.638785
maya_beach,4,luv,0.149609
maya_beach,4,rgb,0.203316
maya_beach,4,xyz,0.172854
maya_beach,16,luv,0.274908
maya_beach,16,rgb,0.352832
maya_beach,16,xyz,0.344824
maya_beach,64,luv,0.405923
maya_beach,64,rgb,0.502572
maya_beach,64,xyz,0.472663
maya_beach,256,luv,0.553772
maya_beach,256,rgb,0.659049
maya_beach,256,xyz,0.611144
medicine_packets,4,luv,0.100466
medicine_packets,4,rgb,0.224774
medicine_packets,4,xyz,0.214378
medicine_packets,16,luv,0.339907
medicine_packets,16,rgb,0.428760
medicine_packets,16,xyz,0.370068
medicine_packets,64,luv,0.485821
medicine_packets,64,rgb,0.570592
medicine_packets,64,xyz,0.507325
medicine_packets,256,luv,0.604210
medicine_packets,256,rgb,0.698182
medicine_packets,256,xyz,0.618826
moroccan_babouches,4,luv,0.134015
moroccan_babouches,4,rgb,0.199212
moroccan_babouches,4,xyz,0.211188
moroccan_babouches,16,luv,0.254176
moroccan_babouches,16,rgb,0.359004
moroccan_babouches,16,xyz,0.340295
moroccan_babouches,64,luv,0.387950
moroccan_babouches,64,rgb,0.508942
moroccan_babouches,64,xyz,0.470430
moroccan_babouches,256,luv,0.530140
moroccan_babouches,256,rgb,0.646432
moroccan_babouches,256,xyz,0.596378
motocross,4,luv,0.217429
motocross,4,rgb,0.297991
motocross,4,xyz,0.232093
motocross,16,luv,0.361417
motocross,16,rgb,0.482023
motocross,16,xyz,0.457725
motocross,64,luv,0.531821
motocross,64,rgb,0.630882
motocross,64,xyz,0.579891
motocross,256,luv,0.663550
motocross,256,rgb,0.759204
motocross,256,xyz,0.704203
motorcycle,4,luv,0.125980
motorcycle,4,rgb,0.190254
motorcycle,4,xyz,0.185174
motorcycle,16,luv,0.271209
motorcycle,16,rgb,0.363406
motorcycle,16,xyz,0.336514
motorcycle,64,luv,0.427916
motorcycle,64,rgb,0.540990
motorcycle,64,xyz,0.487135
motorcycle,256,luv,0.574758
motorcycle,256,rgb,0.677837
motorcycle,256,xyz,0.630205
mural,4,luv,0.186906
mural,4,rgb,0.304879
mural,4,xyz,0.273940
mural,16,luv,0.392281
mural,16,rgb,0.481327
mural,16,xyz,0.447934
mural,64,luv,0.556246
mural,64,rgb,0.646156
mural,64,xyz,0.591804
mural,256,luv,0.681122
mural,256,rgb,0.774948
mural,256,xyz,0.732522
nylon_cords,4,luv,0.125007
nylon_cords,4,rgb,0.165985
nylon_cords,4,xyz,0.161227
nylon_cords,16,luv,0.265876
nylon_cords,16,rgb,0.331018
nylon_cords,16,xyz,0.291951
nylon_cords,64,luv,0.437190
nylon_cords,64,rgb,0.513549
nylon_cords,64,xyz,0.459927
nylon_cords,256,luv,0.570617
nylon_cords,256,rgb,0.643736
nylon_cords,256,xyz,0.584226
paper_clips,4,luv,0.184206
paper_clips,4,rgb,0.200675
paper_clips,4,xyz,0.220089
paper_clips,16,luv,0.331274
paper_clips,16,rgb,0.405631
paper_clips,16,xyz,0.404315
paper_clips,64,luv,0.518995
paper_clips,64,rgb,0.616470
paper_clips,64,xyz,0.568404
paper_clips,256,luv,0.660396
paper_clips,256,rgb,0.755217
paper_clips,256,xyz,0.695476
peacock,4,luv,0.140050
peacock,4,rgb,0.266419
peacock,4,xyz,0.194596
peacock,16,luv,0.300630
peacock,16,rgb,0.421200
peacock,16,xyz,0.378947
peacock,64,luv,0.429710
peacock,64,rgb,0.541672
peacock,64,xyz,0.506553
peacock,256,luv,0.552961
peacock,256,rgb,0.655489
peacock,256,xyz,0.600379
pencils,4,luv,0.074772
pencils,4,rgb,0.118936
pencils,4,xyz,0.149557
pencils,16,luv,0.221594
pencils,16,rgb,0.289937
pencils,16,xyz,0.279508
pencils,64,luv,0.449839
pencils,64,rgb,0.515268
pencils,64,xyz,0.460958
pencils,256,luv,0.643291
pencils,256,rgb,0.717454
pencils,256,xyz,0.633447
pigments,4,luv,0.045947
pigments,4,rgb,0.138012
pigments,4,xyz,0.139716
pigments,16,luv,0.162113
pigments,16,rgb,0.270510
pigments,16,xyz,0.285580
pigments,64,luv,0.308793
pigments,64,rgb,0.415658
pigments,64,xyz,0.399152
pigments,256,luv,0.445795
pigments,256,rgb,0.560747
pigments,256,xyz,0.509655
pink_mosque,4,luv,0.121563
pink_mosque,4,rgb,0.169346
pink_mosque,4,xyz,0.132650
pink_mosque,16,luv,0.248886
pink_mosque,16,rgb,0.311806
pink_mosque,16,xyz,0.253422
pink_mosque,64,luv,0.372024
pink_mosque,64,rgb,0.467203
pink_mosque,64,xyz,0.371400
pink_mosque,256,luv,0.504907
pink_mosque,256,rgb,0.603831
pink_mosque,256,xyz,0.492888
plushies,4,luv,0.183664
plushies,4,rgb,0.285851
plushies,4,xyz,0.236858
plushies,16,luv,0.311383
plushies,16,rgb,0.423094
plushies,16,xyz,0.378917
plushies,64,luv,0.454542
plushies,64,rgb,0.552666
plushies,64,xyz,0.487949
plushies,256,luv,0.570555
plushies,256,rgb,0.669520
plushies,256,xyz,0.595995
prickly_pears,4,luv,0.112829
prickly_pears,4,rgb,0.241326
prickly_pears,4,xyz,0.240448
prickly_pears,16,luv,0.270458
prickly_pears,16,rgb,0.377600
prickly_pears,16,xyz,0.378732
prickly_pears,64,luv,0.441409
prickly_pears,64,rgb,0.551594
prickly_pears,64,xyz,0.513319
prickly_pears,256,luv,0.582223
prickly_pears,256,rgb,0.690712
prickly_pears,256,xyz,0.644726
puffin,4,luv,0.111155
puffin,4,rgb,0.171491
puffin,4,xyz,0.174092
puffin,16,luv,0.251188
puffin,16,rgb,0.337454
puffin,16,xyz,0.360434
puffin,64,luv,0.418172
puffin,64,rgb,0.528435
puffin,64,xyz,0.521222
puffin,256,luv,0.565496
puffin,256,rgb,0.686380
puffin,256,xyz,0.649633
race_car,4,luv,0.142166
race_car,4,rgb,0.146160
race_car,4,xyz,0.145671
race_car,16,luv,0.279420
race_car,16,rgb,0.368360
race_car,16,xyz,0.368886
race_car,64,luv,0.485195
race_car,64,rgb,0.587267
race_car,64,xyz,0.554758
race_car,256,luv,0.653772
race_car,256,rgb,0.750220
race_car,256,xyz,0.706029
red_eyed_tree_frog,4,luv,0.085094
red_eyed_tree_frog,4,rgb,0.177232
red_eyed_tree_frog,4,xyz,0.161081
red_eyed_tree_frog,16,luv,0.223926
red_eyed_tree_frog,16,rgb,0.307627
red_eyed_tree_frog,16,xyz,0.300172
red_eyed_tree_frog,64,luv,0.348689
red_eyed_tree_frog,64,rgb,0.471017
red_eyed_tree_frog,64,xyz,0.436219
red_eyed_tree_frog,256,luv,0.497845
red_eyed_tree_frog,256,rgb,0.618482
red_eyed_tree_frog,256,xyz,0.557991
red_knobbed_starfish,4,luv,0.119446
red_knobbed_starfish,4,rgb,0.219361
red_knobbed_starfish,4,xyz,0.165693
red_knobbed_starfish,16,luv,0.230745
red_knobbed_starfish,16,rgb,0.345303
red_knobbed_starfish,16,xyz,0.309288
red_knobbed_starfish,64,luv,0.358978
red_knobbed_starfish,64,rgb,0.483598
red_knobbed_starfish,64,xyz,0.460951
red_knobbed_starfish,256,luv,0.491218
red_knobbed_starfish,256,rgb,0.612649
red_knobbed_starfish,256,xyz,0.563128
rescue_helicopter,4,luv,0.180427
rescue_helicopter,4,rgb,0.219794
rescue_helicopter,4,xyz,0.220223
rescue_helicopter,16,luv,0.319990
rescue_helicopter,16,rgb,0.413737
rescue_helicopter,16,xyz,0.389862
rescue_helicopter,64,luv,0.510094
rescue_helicopter,64,rgb,0.605156
rescue_helicopter,64,xyz,0.562204
rescue_helicopter,256,luv,0.667870
rescue_helicopter,256,rgb,0.753912
rescue_helicopter,256,xyz,0.701417
rose_bouquet,4,luv,0.120693
rose_bouquet,4,rgb,0.187652
rose_bouquet,4,xyz,0.197016
rose_bouquet,16,luv,0.242836
rose_bouquet,16,rgb,0.319464
rose_bouquet,16,xyz,0.281861
rose_bouquet,64,luv,0.360674
rose_bouquet,64,rgb,0.464249
rose_bouquet,64,xyz,0.392434
rose_bouquet,256,luv,0.497239
rose_bouquet,256,rgb,0.610129
rose_bouquet,256,xyz,0.506995
sagami_temple,4,luv,0.173593
sagami_temple,4,rgb,0.239763
sagami_temple,4,xyz,0.170776
sagami_temple,16,luv,0.321948
sagami_temple,16,rgb,0.405343
sagami_temple,16,xyz,0.330010
sagami_temple,64,luv,0.473022
sagami_temple,64,rgb,0.565214
sagami_temple,64,xyz,0.456871
sagami_temple,256,luv,0.600494
sagami_temple,256,rgb,0.694969
sagami_temple,256,xyz,0.588227
salad_bowl,4,luv,0.089478
salad_bowl,4,rgb,0.160137
salad_bowl,4,xyz,0.185989
salad_bowl,16,luv,0.199542
salad_bowl,16,rgb,0.291986
salad_bowl,16,xyz,0.311722
salad_bowl,64,luv,0.312088
salad_bowl,64,rgb,0.433951
salad_bowl,64,xyz,0.434927
salad_bowl,256,luv,0.445780
salad_bowl,256,rgb,0.572635
salad_bowl,256,xyz,0.545005
schoolgirls,4,luv,0.120250
schoolgirls,4,rgb,0.187494
schoolgirls,4,xyz,0.219301
schoolgirls,16,luv,0.247814
schoolgirls,16,rgb,0.357426
schoolgirls,16,xyz,0.341996
schoolgirls,64,luv,0.381292
schoolgirls,64,rgb,0.501705
schoolgirls,64,xyz,0.466775
schoolgirls,256,luv,0.513341
schoolgirls,256,rgb,0.624516
schoolgirls,256,xyz,0.587910
seattle_great_wheel,4,luv,0.148664
seattle_great_wheel,4,rgb,0.207383
seattle_great_wheel,4,xyz,0.165520
seattle_great_wheel,16,luv,0.304152
seattle_great_wheel,16,rgb,0.375650
seattle_great_wheel,16,xyz,0.301747
seattle_great_wheel,64,luv,0.429624
seattle_great_wheel,64,rgb,0.528831
seattle_great_wheel,64,xyz,0.429288
seattle_great_wheel,256,luv,0.553938
seattle_great_wheel,256,rgb,0.660469
seattle_great_wheel,256,xyz,0.542389
shawls,4,luv,0.082702
shawls,4,rgb,0.176279
shawls,4,xyz,0.145889
shawls,16,luv,0.248703
shawls,16,rgb,0.320430
shawls,16,xyz,0.322137
shawls,64,luv,0.390813
shawls,64,rgb,0.485007
shawls,64,xyz,0.428047
shawls,256,luv,0.530700
shawls,256,rgb,0.629692
shawls,256,xyz,0.551459
shopping_bags,4,luv,0.263827
shopping_bags,4,rgb,0.288920
shopping_bags,4,xyz,0.266909
shopping_bags,16,luv,0.436536
shopping_bags,16,rgb,0.485464
shopping_bags,16,xyz,0.458284
shopping_bags,64,luv,0.614704
shopping_bags,64,rgb,0.692139
shopping_bags,64,xyz,0.631062
shopping_bags,256,luv,0.775565
shopping_bags,256,rgb,0.848304
shopping_bags,256,xyz,0.776963
siberian_tiger,4,luv,0.196733
siberian_tiger,4,rgb,0.247015
siberian_tiger,4,xyz,0.164464
siberian_tiger,16,luv,0.362443
siberian_tiger,16,rgb,0.467197
siberian_tiger,16,xyz,0.381868
siberian_tiger,64,luv,0.518975
siberian_tiger,64,rgb,0.631907
siberian_tiger,64,xyz,0.554348
siberian_tiger,256,luv,0.641362
siberian_tiger,256,rgb,0.742800
siberian_tiger,256,xyz,0.677145
skiers,4,luv,0.145774
skiers,4,rgb,0.195275
skiers,4,xyz,0.227364
skiers,16,luv,0.263724
skiers,16,rgb,0.418016
skiers,16,xyz,0.395859
skiers,64,luv,0.455672
skiers,64,rgb,0.590670
skiers,64,xyz,0.561531
skiers,256,luv,0.606913
skiers,256,rgb,0.722263
skiers,256,xyz,0.673757
spices,4,luv,0.208187
spices,4,rgb,0.301954
spices,4,xyz,0.242726
spices,16,luv,0.343869
spices,16,rgb,0.462567
spices,16,xyz,0.433116
spices,64,luv,0.481606
spices,64,rgb,0.606179
spices,64,xyz,0.556131
spices,256,luv,0.617120
spices,256,rgb,0.722732
spices,256,xyz,0.670343
sports_bicycles,4,luv,0.156845
sports_bicycles,4,rgb,0.208778
sports_bicycles,4,xyz,0.196441
sports_bicycles,16,luv,0.275685
sports_bicycles,16,rgb,0.366680
sports_bicycles,16,xyz,0.331012
sports_bicycles,64,luv,0.398053
sports_bicycles,64,rgb,0.509451
sports_bicycles,64,xyz,0.465336
sports_bicycles,256,luv,0.528231
sports_bicycles,256,rgb,0.634184
sports_bicycles,256,xyz,0.586916
sun_parakeet,4,luv,0.148757
sun_parakeet,4,rgb,0.159841
sun_parakeet,4,xyz,0.212870
sun_parakeet,16,luv,0.322796
sun_parakeet,16,rgb,0.455653
sun_parakeet,16,xyz,0.430170
sun_parakeet,64,luv,0.475564
sun_parakeet,64,rgb,0.588348
sun_parakeet,64,xyz,0.598743
sun_parakeet,256,luv,0.608112
sun_parakeet,256,rgb,0.718628
sun_parakeet,256,xyz,0.704749
tablet,4,luv,0.077389
tablet,4,rgb,0.206077
tablet,4,xyz,0.219434
tablet,16,luv,0.262829
tablet,16,rgb,0.316281
tablet,16,xyz,0.345754
tablet,64,luv,0.490740
tablet,64,rgb,0.556601
tablet,64,xyz,0.558158
tablet,256,luv,0.645842
tablet,256,rgb,0.733472
tablet,256,xyz,0.707687
textile_market,4,luv,0.065179
textile_market,4,rgb,0.153823
textile_market,4,xyz,0.101372
textile_market,16,luv,0.224755
textile_market,16,rgb,0.302391
textile_market,16,xyz,0.250896
textile_market,64,luv,0.351315
textile_market,64,rgb,0.460446
textile_market,64,xyz,0.373108
textile_market,256,luv,0.487025
textile_market,256,rgb,0.594257
textile_market,256,xyz,0.497784
trade_fair_tower,4,luv,0.125442
trade_fair_tower,4,rgb,0.177167
trade_fair_tower,4,xyz,0.168868
trade_fair_tower,16,luv,0.288299
trade_fair_tower,16,rgb,0.406836
trade_fair_tower,16,xyz,0.391670
trade_fair_tower,64,luv,0.499562
trade_fair_tower,64,rgb,0.610954
trade_fair_tower,64,xyz,0.563302
trade_fair_tower,256,luv,0.667921
trade_fair_tower,256,rgb,0.766206
trade_fair_tower,256,xyz,0.723110
traffic,4,luv,0.240145
traffic,4,rgb,0.239874
traffic,4,xyz,0.219500
traffic,16,luv,0.359627
traffic,16,rgb,0.474003
traffic,16,xyz,0.404240
traffic,64,luv,0.505161
traffic,64,rgb,0.600342
traffic,64,xyz,0.545710
traffic,256,luv,0.630925
traffic,256,rgb,0.727537
traffic,256,xyz,0.665497
tulip_field,4,luv,0.095797
tulip_field,4,rgb,0.131098
tulip_field,4,xyz,0.120203
tulip_field,16,luv,0.232063
tulip_field,16,rgb,0.325359
tulip_field,16,xyz,0.255292
tulip_field,64,luv,0.374243
tulip_field,64,rgb,0.487810
tulip_field,64,xyz,0.415228
tulip_field,256,luv,0.508451
tulip_field,256,rgb,0.629107
tulip_field,256,xyz,0.539092
umbrellas,4,luv,0.137251
umbrellas,4,rgb,0.205396
umbrellas,4,xyz,0.155198
umbrellas,16,luv,0.256910
umbrellas,16,rgb,0.360565
umbrellas,16,xyz,0.330191
umbrellas,64,luv,0.408378
umbrellas,64,rgb,0.505913
umbrellas,64,xyz,0.453706
umbrellas,256,luv,0.542803
umbrellas,256,rgb,0.645460
umbrellas,256,xyz,0.589387
veggie_pizza,4,luv,0.086656
veggie_pizza,4,rgb,0.160426
veggie_pizza,4,xyz,0.178704
veggie_pizza,16,luv,0.268077
veggie_pizza,16,rgb,0.337699
veggie_pizza,16,xyz,0.405807
veggie_pizza,64,luv,0.436707
veggie_pizza,64,rgb,0.567556
veggie_pizza,64,xyz,0.593737
veggie_pizza,256,luv,0.582112
veggie_pizza,256,rgb,0.721350
veggie_pizza,256,xyz,0.693623
veggies,4,luv,0.160313
veggies,4,rgb,0.230664
veggies,4,xyz,0.191806
veggies,16,luv,0.240832
veggies,16,rgb,0.355283
veggies,16,xyz,0.338159
veggies,64,luv,0.403572
veggies,64,rgb,0.513145
veggies,64,xyz,0.462576
veggies,256,luv,0.556705
veggies,256,rgb,0.669385
veggies,256,xyz,0.601634
venetian_lagoon,4,luv,0.158112
venetian_lagoon,4,rgb,0.231281
venetian_lagoon,4,xyz,0.214495
venetian_lagoon,16,luv,0.328158
venetian_lagoon,16,rgb,0.403439
venetian_lagoon,16,xyz,0.376202
venetian_lagoon,64,luv,0.467679
venetian_lagoon,64,rgb,0.563013
venetian_lagoon,64,xyz,0.517802
venetian_lagoon,256,luv,0.595100
venetian_lagoon,256,rgb,0.698011
venetian_lagoon,256,xyz,0.639547
vintage_cars,4,luv,0.137600
vintage_cars,4,rgb,0.183324
vintage_cars,4,xyz,0.222691
vintage_cars,16,luv,0.276628
vintage_cars,16,rgb,0.371459
vintage_cars,16,xyz,0.343221
vintage_cars,64,luv,0.433394
vintage_cars,64,rgb,0.544537
vintage_cars,64,xyz,0.495069
vintage_cars,256,luv,0.581138
vintage_cars,256,rgb,0.687507
vintage_cars,256,xyz,0.645134
wooden_toys,4,luv,0.093082
wooden_toys,4,rgb,0.198198
wooden_toys,4,xyz,0.208880
wooden_toys,16,luv,0.237847
wooden_toys,16,rgb,0.331790
wooden_toys,16,xyz,0.336430
wooden_toys,64,luv,0.399976
wooden_toys,64,rgb,0.525422
wooden_toys,64,xyz,0.512377
wooden_toys,256,luv,0.564279
wooden_toys,256,rgb,0.699582
wooden_toys,256,xyz,0.671998
wool_carder_bee,4,luv,0.079350
wool_carder_bee,4,rgb,0.135196
wool_carder_bee,4,xyz,0.136825
wool_carder_bee,16,luv,0.204826
wool_carder_bee,16,rgb,0.282896
wool_carder_bee,16,xyz,0.266161
wool_carder_bee,64,luv,0.342221
wool_carder_bee,64,rgb,0.419739
wool_carder_bee,64,xyz,0.391717
wool_carder_bee,256,luv,0.471794
wool_carder_bee,256,rgb,0.569248
wool_carder_bee,256,xyz,0.508193
yasaka_pagoda,4,luv,0.242994
yasaka_pagoda,4,rgb,0.270452
yasaka_pagoda,4,xyz,0.238914
yasaka_pagoda,16,luv,0.405701
yasaka_pagoda,16,rgb,0.500991
yasaka_pagoda,16,xyz,0.469594
yasaka_pagoda,64,luv,0.578493
yasaka_pagoda,64,rgb,0.674967
yasaka_pagoda,64,xyz,0.635488
yasaka_pagoda,256,luv,0.718175
yasaka_pagoda,256,rgb,0.812084
yasaka_pagoda,256,xyz,0.771074
