image,k,space,vifp,psnr,ssim,dE00
adirondack_chairs,4,luv,0.119230,13.069960,0.366048,19.114746
adirondack_chairs,4,rgb,0.216590,17.195293,0.571322,17.657647
adirondack_chairs,4,xyz,0.192278,15.252169,0.506708,19.268433
adirondack_chairs,16,luv,0.273300,20.928022,0.664848,8.358550
adirondack_chairs,16,rgb,0.351492,22.812427,0.768678,9.266174
adirondack_chairs,16,xyz,0.306234,19.868414,0.679416,12.284262
adirondack_chairs,64,luv,0.422026,25.732483,0.819425,4.490476
adirondack_chairs,64,rgb,0.506027,28.535619,0.891162,4.650971
adirondack_chairs,64,xyz,0.430333,24.314783,0.799604,7.790760
adirondack_chairs,256,luv,0.558739,30.091095,0.903894,2.649819
adirondack_chairs,256,rgb,0.646589,33.433964,0.955078,2.675387
adirondack_chairs,256,xyz,0.559998,28.709604,0.881970,4.701621
astro_bodies,4,luv,0.237618,17.954614,0.468454,8.755046
astro_bodies,4,rgb,0.285072,19.696248,0.551601,7.867047
astro_bodies,4,xyz,0.232721,16.579310,0.459521,13.998051
astro_bodies,16,luv,0.394708,24.821122,0.731803,3.694307
astro_bodies,16,rgb,0.486301,27.540569,0.855977,3.708663
astro_bodies,16,xyz,0.436755,24.153263,0.610135,5.101316
astro_bodies,64,luv,0.558271,30.725296,0.890014,1.821562
astro_bodies,64,rgb,0.640478,33.777543,0.928482,1.796181
astro_bodies,64,xyz,0.620335,30.014033,0.880590,2.370036
astro_bodies,256,luv,0.736092,36.712437,0.957030,0.880137
astro_bodies,256,rgb,0.801531,39.748958,0.975998,0.901660
astro_bodies,256,xyz,0.758100,34.846960,0.957639,1.295905
astronaut,4,luv,0.179540,21.066343,0.705330,6.401041
astronaut,4,rgb,0.237395,22.536259,0.724203,6.141760
astronaut,4,xyz,0.236095,20.299079,0.664559,8.278197
astronaut,16,luv,0.397594,28.379435,0.826322,2.857766
astronaut,16,rgb,0.446149,30.234430,0.849051,2.891023
astronaut,16,xyz,0.471163,27.405522,0.837748,3.706018
astronaut,64,luv,0.600631,34.307574,0.929929,1.494815
astronaut,64,rgb,0.705177,36.890049,0.957338,1.544850
astronaut,64,xyz,0.684055,33.700814,0.941295,2.089860
astronaut,256,luv,0.761104,39.201919,0.974148,0.897562
astronaut,256,rgb,0.845533,42.454769,0.988234,0.931120
astronaut,256,xyz,0.812216,38.361395,0.976916,1.289358
balinese_dancer,4,luv,0.189292,21.357515,0.492479,7.058203
balinese_dancer,4,rgb,0.222676,22.449083,0.722417,5.942464
balinese_dancer,4,xyz,0.207671,19.708274,0.445638,11.710175
balinese_dancer,16,luv,0.289760,25.130343,0.826048,3.485579
balinese_dancer,16,rgb,0.367857,28.428750,0.870130,3.415931
balinese_dancer,16,xyz,0.331139,24.686655,0.692485,5.243928
balinese_dancer,64,luv,0.421714,30.037194,0.888797,2.131613
balinese_dancer,64,rgb,0.514030,33.471087,0.930210,2.156997
balinese_dancer,64,xyz,0.443353,29.475593,0.883590,3.216934
balinese_dancer,256,luv,0.551821,34.185210,0.938993,1.438426
balinese_dancer,256,rgb,0.664110,37.995481,0.974428,1.229613
balinese_dancer,256,xyz,0.557861,33.594132,0.921206,2.039337
ball_caps,4,luv,0.114606,19.526167,0.715427,8.781310
ball_caps,4,rgb,0.188862,20.967730,0.771470,10.502317
ball_caps,4,xyz,0.207585,19.654705,0.756194,10.953058
ball_caps,16,luv,0.235291,26.045562,0.786659,4.097676
ball_caps,16,rgb,0.317906,27.996774,0.835598,4.696314
ball_caps,16,xyz,0.317869,25.933551,0.810994,5.318161
ball_caps,64,luv,0.396616,31.532904,0.876665,2.126385
ball_caps,64,rgb,0.525932,34.279946,0.919602,2.159817
ball_caps,64,xyz,0.525368,31.226343,0.908431,3.100403
ball_caps,256,luv,0.584873,36.376590,0.941127,1.197538
ball_caps,256,rgb,0.710897,39.943987,0.969907,1.313032
ball_caps,256,xyz,0.690681,36.998549,0.959075,1.685510
birthday_baloons,4,luv,0.079732,16.463454,0.774950,11.550163
birthday_baloons,4,rgb,0.112457,16.374944,0.780574,11.406289
birthday_baloons,4,xyz,0.113200,15.334156,0.761455,13.347514
birthday_baloons,16,luv,0.200673,22.773175,0.827349,3.971135
birthday_baloons,16,rgb,0.249679,25.646859,0.861220,3.785189
birthday_baloons,16,xyz,0.235050,22.315497,0.812749,4.799945
birthday_baloons,64,luv,0.340875,28.617121,0.869309,1.811432
birthday_baloons,64,rgb,0.405110,31.912529,0.911007,1.817859
birthday_baloons,64,xyz,0.386279,28.139501,0.870001,2.248715
birthday_baloons,256,luv,0.495846,33.817314,0.919871,0.921306
birthday_baloons,256,rgb,0.574537,37.446581,0.951485,0.997334
birthday_baloons,256,xyz,0.534974,33.266285,0.924597,1.214729
bosnian_pine_needle,4,luv,0.192881,17.167353,0.684712,10.036483
bosnian_pine_needle,4,rgb,0.208531,19.705232,0.719041,8.857986
bosnian_pine_needle,4,xyz,0.148240,18.063974,0.620523,9.983667
bosnian_pine_needle,16,luv,0.310915,22.416249,0.810031,4.806824
bosnian_pine_needle,16,rgb,0.388190,25.658358,0.885137,4.621418
bosnian_pine_needle,16,xyz,0.308072,22.865343,0.816267,6.363215
bosnian_pine_needle,64,luv,0.434409,26.781807,0.898288,2.852035
bosnian_pine_needle,64,rgb,0.530294,30.262478,0.946651,2.929569
bosnian_pine_needle,64,xyz,0.448553,27.035024,0.908884,3.990032
bosnian_pine_needle,256,luv,0.548685,30.265567,0.941274,1.778010
bosnian_pine_needle,256,rgb,0.650086,34.386589,0.974588,1.883368
bosnian_pine_needle,256,xyz,0.551285,30.184908,0.944568,2.702289
buggy,4,luv,0.147118,20.334632,0.702808,7.528206
buggy,4,rgb,0.188550,21.586521,0.726232,8.348249
buggy,4,xyz,0.144436,19.939524,0.682601,9.547540
buggy,16,luv,0.339650,26.880978,0.798184,3.458546
buggy,16,rgb,0.388246,28.486539,0.838897,3.699587
buggy,16,xyz,0.304371,25.981543,0.769221,4.602926
buggy,64,luv,0.506093,32.511338,0.873249,1.992885
buggy,64,rgb,0.600076,35.369197,0.920546,2.204803
buggy,64,xyz,0.549503,31.955341,0.881430,2.437200
buggy,256,luv,0.648188,36.748820,0.921417,1.234918
buggy,256,rgb,0.739272,40.301776,0.963646,1.485610
buggy,256,xyz,0.697771,35.135577,0.927052,1.675671
calaveras,4,luv,0.130679,13.467592,0.351270,19.200527
calaveras,4,rgb,0.174657,15.338432,0.444049,18.709924
calaveras,4,xyz,0.142430,13.166696,0.370511,23.403057
calaveras,16,luv,0.246714,18.454637,0.564386,10.116703
calaveras,16,rgb,0.310096,20.848572,0.659390,9.244044
calaveras,16,xyz,0.239175,16.768909,0.526132,15.542917
calaveras,64,luv,0.367002,22.661855,0.708577,5.503789
calaveras,64,rgb,0.455278,25.982736,0.815683,5.467059
calaveras,64,xyz,0.370428,21.132383,0.684357,8.355700
calaveras,256,luv,0.501128,26.890948,0.819122,3.159459
calaveras,256,rgb,0.601723,30.853802,0.918682,3.122549
calaveras,256,xyz,0.481574,24.364711,0.774433,5.254179
carrots,4,luv,0.218173,17.771679,0.569222,9.933001
carrots,4,rgb,0.317316,20.052801,0.757757,9.905575
carrots,4,xyz,0.274397,18.792954,0.626954,10.881325
carrots,16,luv,0.371836,23.364873,0.821379,5.215190
carrots,16,rgb,0.492881,26.041442,0.905904,6.096972
carrots,16,xyz,0.443007,23.463326,0.854942,7.385939
carrots,64,luv,0.519158,27.916026,0.919630,3.064132
carrots,64,rgb,0.632589,31.697402,0.959722,3.272154
carrots,64,xyz,0.580667,27.943824,0.934211,4.657903
carrots,256,luv,0.647578,32.119261,0.962519,1.871830
carrots,256,rgb,0.747741,36.269637,0.983044,2.059601
carrots,256,xyz,0.683086,32.135448,0.969683,3.010985
chalk_pastels,4,luv,0.065328,17.822407,0.400123,9.343186
chalk_pastels,4,rgb,0.209558,19.830476,0.613716,9.347555
chalk_pastels,4,xyz,0.151985,18.262497,0.541103,8.932822
chalk_pastels,16,luv,0.272825,24.017359,0.711778,4.748173
chalk_pastels,16,rgb,0.380897,26.093226,0.817402,4.930851
chalk_pastels,16,xyz,0.393062,21.863342,0.806588,6.019014
chalk_pastels,64,luv,0.461845,29.665045,0.865265,2.432762
chalk_pastels,64,rgb,0.553012,32.436443,0.913778,2.513828
chalk_pastels,64,xyz,0.531747,28.063750,0.878353,3.245343
chalk_pastels,256,luv,0.619592,34.159554,0.931853,1.483272
chalk_pastels,256,rgb,0.717335,37.461151,0.966132,1.561465
chalk_pastels,256,xyz,0.678259,32.963193,0.934245,2.091250
chicken_dish,4,luv,0.127970,17.396322,0.429150,12.431620
chicken_dish,4,rgb,0.232618,19.517782,0.587752,13.267707
chicken_dish,4,xyz,0.229248,18.227346,0.561209,13.735613
chicken_dish,16,luv,0.267390,22.459559,0.637906,6.094137
chicken_dish,16,rgb,0.348181,25.251535,0.740240,5.937932
chicken_dish,16,xyz,0.362328,21.405851,0.706140,10.445749
chicken_dish,64,luv,0.397738,26.384448,0.767789,3.528339
chicken_dish,64,rgb,0.510848,30.319404,0.865406,3.553469
chicken_dish,64,xyz,0.458915,26.692216,0.795713,5.125239
chicken_dish,256,luv,0.529184,30.017621,0.849096,2.084458
chicken_dish,256,rgb,0.653009,34.906390,0.940710,2.213245
chicken_dish,256,xyz,0.564167,30.305541,0.860026,3.400962
chili_peppers,4,luv,0.129092,15.045271,0.434317,16.523893
chili_peppers,4,rgb,0.161177,16.766490,0.513541,16.831417
chili_peppers,4,xyz,0.182775,15.374192,0.544043,18.352935
chili_peppers,16,luv,0.221117,19.475215,0.602781,8.944337
chili_peppers,16,rgb,0.322897,22.372328,0.758907,9.977184
chili_peppers,16,xyz,0.276566,18.787433,0.683849,14.485004
chili_peppers,64,luv,0.360944,23.940777,0.770904,5.138466
chili_peppers,64,rgb,0.466125,27.402547,0.879161,5.393475
chili_peppers,64,xyz,0.387282,22.927292,0.797258,8.850011
chili_peppers,256,luv,0.498449,28.140107,0.873232,3.058532
chili_peppers,256,rgb,0.615652,32.162633,0.951626,3.386837
chili_peppers,256,xyz,0.522983,27.300259,0.887511,5.312569
clownfish,4,luv,0.143894,17.576703,0.491060,12.294001
clownfish,4,rgb,0.215194,19.140699,0.609468,12.595163
clownfish,4,xyz,0.195628,17.636325,0.563406,14.179181
clownfish,16,luv,0.250003,23.557200,0.657638,6.429359
clownfish,16,rgb,0.365916,26.332244,0.787066,6.508523
clownfish,16,xyz,0.351022,23.913063,0.712020,8.839114
clownfish,64,luv,0.383985,27.973597,0.790780,3.837342
clownfish,64,rgb,0.506114,30.906327,0.882278,4.418480
clownfish,64,xyz,0.476174,28.228821,0.815846,5.823798
clownfish,256,luv,0.520082,31.876450,0.879977,2.453017
clownfish,256,rgb,0.633026,35.124445,0.938716,2.727307
clownfish,256,xyz,0.590292,31.667316,0.893460,4.180729
color_chart,4,luv,0.070911,10.673948,0.460079,21.192823
color_chart,4,rgb,0.192451,13.023124,0.538050,23.637313
color_chart,4,xyz,0.230521,11.445760,0.589580,23.622313
color_chart,16,luv,0.244214,15.267184,0.594555,11.255662
color_chart,16,rgb,0.323150,17.892768,0.678853,13.298401
color_chart,16,xyz,0.362752,13.947682,0.655717,16.648008
color_chart,64,luv,0.356315,18.051249,0.672598,6.488899
color_chart,64,rgb,0.482091,24.051763,0.842468,6.457258
color_chart,64,xyz,0.439858,17.481503,0.704806,9.561381
color_chart,256,luv,0.615702,32.225182,0.889757,1.020341
color_chart,256,rgb,0.677616,35.196980,0.944390,0.981647
color_chart,256,xyz,0.622840,27.594741,0.844956,1.701486
color_checker,4,luv,0.399124,14.498964,0.828388,14.289867
color_checker,4,rgb,0.407170,16.457484,0.831323,14.873635
color_checker,4,xyz,0.343521,15.213525,0.772792,17.453949
color_checker,16,luv,0.480095,24.115302,0.906631,3.584189
color_checker,16,rgb,0.553364,26.432849,0.935196,3.838462
color_checker,16,xyz,0.492119,23.541724,0.905384,4.990710
color_checker,64,luv,0.681677,34.705148,0.962994,1.072553
color_checker,64,rgb,0.730109,37.180384,0.976426,1.022341
color_checker,64,xyz,0.658835,33.373049,0.951878,1.316831
color_checker,256,luv,0.820380,41.077321,0.983239,0.552186
color_checker,256,rgb,0.864417,43.991794,0.989972,0.600093
color_checker,256,xyz,0.791178,38.308841,0.977720,0.863312
coloring_pencils,4,luv,0.143924,17.041908,0.614851,12.667372
coloring_pencils,4,rgb,0.162868,17.775630,0.642342,16.145192
coloring_pencils,4,xyz,0.153804,15.017182,0.603095,17.614820
coloring_pencils,16,luv,0.241344,22.822208,0.711202,5.776365
coloring_pencils,16,rgb,0.305728,25.065085,0.766691,5.948771
coloring_pencils,16,xyz,0.247561,21.128950,0.687290,9.373466
coloring_pencils,64,luv,0.398243,29.088641,0.826875,2.892719
coloring_pencils,64,rgb,0.472270,32.176461,0.885512,3.049667
coloring_pencils,64,xyz,0.402115,26.682359,0.782197,5.081369
coloring_pencils,256,luv,0.550586,34.151922,0.907533,1.487063
coloring_pencils,256,rgb,0.640680,37.188626,0.948929,1.681454
coloring_pencils,256,xyz,0.564593,32.190279,0.883496,2.902354
columbia_crew,4,luv,0.141385,17.418002,0.515728,10.441573
columbia_crew,4,rgb,0.206211,18.502894,0.621515,9.638662
columbia_crew,4,xyz,0.169666,17.182458,0.555069,13.551626
columbia_crew,16,luv,0.354521,25.379082,0.789047,4.681271
columbia_crew,16,rgb,0.411688,27.136781,0.827370,4.242576
columbia_crew,16,xyz,0.348028,23.729902,0.739992,6.687930
columbia_crew,64,luv,0.515570,30.441083,0.881668,2.491727
columbia_crew,64,rgb,0.595645,33.028480,0.931309,2.334431
columbia_crew,64,xyz,0.541428,29.944788,0.874179,3.291845
columbia_crew,256,luv,0.654549,34.733095,0.945122,1.545740
columbia_crew,256,rgb,0.737899,37.966536,0.971223,1.492171
columbia_crew,256,xyz,0.665017,34.265921,0.940990,2.025985
common_jezebel,4,luv,0.139043,18.188569,0.666807,7.423722
common_jezebel,4,rgb,0.180027,20.111104,0.683878,8.187086
common_jezebel,4,xyz,0.186088,18.812989,0.655845,9.508512
common_jezebel,16,luv,0.294265,25.428161,0.757034,3.637957
common_jezebel,16,rgb,0.387763,28.061239,0.834469,3.534943
common_jezebel,16,xyz,0.366251,25.888217,0.803207,4.312722
common_jezebel,64,luv,0.434740,30.226402,0.849110,2.111505
common_jezebel,64,rgb,0.546366,33.208671,0.916193,2.094792
common_jezebel,64,xyz,0.513486,29.632937,0.891386,2.728895
common_jezebel,256,luv,0.579335,34.127280,0.917870,1.312752
common_jezebel,256,rgb,0.690631,37.772775,0.962189,1.349050
common_jezebel,256,xyz,0.622485,33.116973,0.929428,1.769024
common_lantanas,4,luv,0.158015,19.615627,0.710479,10.767565
common_lantanas,4,rgb,0.208268,20.860206,0.742590,11.140175
common_lantanas,4,xyz,0.233560,18.538522,0.703542,14.975919
common_lantanas,16,luv,0.260776,24.118536,0.779127,5.228335
common_lantanas,16,rgb,0.347162,26.670651,0.825952,5.938006
common_lantanas,16,xyz,0.337364,24.157802,0.808482,8.360440
common_lantanas,64,luv,0.392508,28.325616,0.846236,3.084810
common_lantanas,64,rgb,0.495905,31.551115,0.895872,3.294278
common_lantanas,64,xyz,0.446766,27.631594,0.866948,5.316338
common_lantanas,256,luv,0.516552,32.159300,0.899272,1.905711
common_lantanas,256,rgb,0.624321,35.898255,0.944605,2.001105
common_lantanas,256,xyz,0.554713,30.929198,0.907542,3.839165
cosmic_vista,4,luv,0.145103,17.387314,0.496968,12.046647
cosmic_vista,4,rgb,0.196918,19.914644,0.614109,12.145288
cosmic_vista,4,xyz,0.175341,18.661868,0.544255,13.683851
cosmic_vista,16,luv,0.302824,23.715918,0.741704,6.670577
cosmic_vista,16,rgb,0.361854,25.643715,0.807057,6.915036
cosmic_vista,16,xyz,0.333604,23.301453,0.756400,9.139920
cosmic_vista,64,luv,0.431127,27.806708,0.856702,4.111337
cosmic_vista,64,rgb,0.529809,30.526374,0.914725,4.358740
cosmic_vista,64,xyz,0.473170,27.356889,0.869123,6.253085
cosmic_vista,256,luv,0.575646,31.949064,0.932591,2.625451
cosmic_vista,256,rgb,0.672563,34.990635,0.963511,2.829828
cosmic_vista,256,xyz,0.603593,30.820106,0.932914,4.473819
craft_cards,4,luv,0.282849,18.414443,0.549062,9.566290
craft_cards,4,rgb,0.286248,19.036231,0.563999,10.930762
craft_cards,4,xyz,0.276251,18.028984,0.567736,12.156607
craft_cards,16,luv,0.404644,30.466233,0.789758,1.792262
craft_cards,16,rgb,0.437953,32.056660,0.900593,1.557380
craft_cards,16,xyz,0.398425,29.098354,0.763449,2.074529
craft_cards,64,luv,0.581154,35.221427,0.940293,0.816506
craft_cards,64,rgb,0.652566,37.994801,0.966109,0.813855
craft_cards,64,xyz,0.568037,33.223665,0.835271,1.220687
craft_cards,256,luv,0.704806,39.314577,0.970430,0.460251
craft_cards,256,rgb,0.801212,42.985807,0.987967,0.494761
craft_cards,256,xyz,0.701402,38.074366,0.970050,0.623289
crepe_paper,4,luv,0.074528,15.750043,0.565169,13.055659
crepe_paper,4,rgb,0.111524,17.667097,0.673413,14.743102
crepe_paper,4,xyz,0.095841,14.588247,0.482896,19.952261
crepe_paper,16,luv,0.259580,30.350616,0.826069,1.946417
crepe_paper,16,rgb,0.263562,31.625601,0.860274,2.011520
crepe_paper,16,xyz,0.261496,25.771398,0.731286,2.915354
crepe_paper,64,luv,0.555491,38.012605,0.946266,0.780497
crepe_paper,64,rgb,0.587751,39.995648,0.968687,0.790576
crepe_paper,64,xyz,0.564504,35.490628,0.931266,0.968077
crepe_paper,256,luv,0.770330,44.119623,0.983313,0.346833
crepe_paper,256,rgb,0.805888,46.541773,0.988113,0.342743
crepe_paper,256,xyz,0.762646,41.551493,0.975950,0.445316
cruise_ship,4,luv,0.124298,18.424207,0.656347,10.565011
cruise_ship,4,rgb,0.177869,20.222768,0.713881,10.929522
cruise_ship,4,xyz,0.144514,18.481807,0.677565,12.537672
cruise_ship,16,luv,0.271850,24.457079,0.786082,5.589271
cruise_ship,16,rgb,0.334312,26.438040,0.829823,5.738353
cruise_ship,16,xyz,0.320358,24.948271,0.810549,6.504991
cruise_ship,64,luv,0.425679,29.253994,0.881958,3.187641
cruise_ship,64,rgb,0.515281,31.992493,0.916392,3.507090
cruise_ship,64,xyz,0.478743,29.543561,0.899345,4.267802
cruise_ship,256,luv,0.569897,33.875248,0.937140,1.833688
cruise_ship,256,rgb,0.665442,36.947194,0.960170,2.166281
cruise_ship,256,xyz,0.632959,34.059699,0.953730,2.861055
curler,4,luv,0.174594,18.420677,0.677201,11.335546
curler,4,rgb,0.235765,19.473102,0.730058,11.291084
curler,4,xyz,0.222258,18.219113,0.694847,12.378519
curler,16,luv,0.305022,24.322519,0.774387,5.134831
curler,16,rgb,0.377235,26.547645,0.823672,5.336447
curler,16,xyz,0.371293,23.226780,0.800670,7.574346
curler,64,luv,0.444749,29.267099,0.856447,2.892226
curler,64,rgb,0.542805,32.145509,0.903464,2.945536
curler,64,xyz,0.524259,28.587011,0.883429,4.043778
curler,256,luv,0.596256,33.924020,0.922096,1.676401
curler,256,rgb,0.697363,37.394757,0.956061,1.826701
curler,256,xyz,0.663013,33.360954,0.938754,2.475306
daisy_bouquet,4,luv,0.123917,15.921508,0.372171,13.608947
daisy_bouquet,4,rgb,0.147529,16.644391,0.411984,13.534523
daisy_bouquet,4,xyz,0.174309,13.016522,0.416109,19.943024
daisy_bouquet,16,luv,0.260693,20.947692,0.584199,7.011737
daisy_bouquet,16,rgb,0.334335,23.382536,0.707618,6.936652
daisy_bouquet,16,xyz,0.301539,19.186800,0.581060,9.335739
daisy_bouquet,64,luv,0.400172,25.740656,0.741984,3.693571
daisy_bouquet,64,rgb,0.480818,28.546269,0.853491,3.770314
daisy_bouquet,64,xyz,0.436548,23.754529,0.728329,5.707327
daisy_bouquet,256,luv,0.539800,29.562928,0.843609,1.990377
daisy_bouquet,256,rgb,0.623176,33.359156,0.933690,2.155650
daisy_bouquet,256,xyz,0.555338,28.437372,0.825068,3.145585
daisy_poster,4,luv,0.289390,20.568516,0.471017,5.713679
daisy_poster,4,rgb,0.336340,21.971101,0.647104,5.807356
daisy_poster,4,xyz,0.341978,18.827618,0.376959,9.579900
daisy_poster,16,luv,0.431839,26.546093,0.796478,2.651087
daisy_poster,16,rgb,0.520888,28.490390,0.894996,3.135376
daisy_poster,16,xyz,0.483740,26.380164,0.694246,3.477297
daisy_poster,64,luv,0.583173,31.350732,0.924157,1.363706
daisy_poster,64,rgb,0.670907,34.391565,0.959229,1.546913
daisy_poster,64,xyz,0.589726,30.500581,0.863602,2.151196
daisy_poster,256,luv,0.707927,35.961484,0.957225,0.765824
daisy_poster,256,rgb,0.793709,39.290427,0.982983,0.857329
daisy_poster,256,xyz,0.717665,34.827682,0.945154,1.275056
easter_egg_basket,4,luv,0.076266,16.172879,0.478136,13.149310
easter_egg_basket,4,rgb,0.155866,18.377365,0.612034,13.446289
easter_egg_basket,4,xyz,0.114118,16.822589,0.524655,15.822338
easter_egg_basket,16,luv,0.195003,21.608720,0.645489,6.722912
easter_egg_basket,16,rgb,0.289117,24.080008,0.727709,7.601333
easter_egg_basket,16,xyz,0.282959,21.550365,0.697739,9.565199
easter_egg_basket,64,luv,0.338882,25.616169,0.758251,3.982732
easter_egg_basket,64,rgb,0.453016,29.134986,0.852625,4.220636
easter_egg_basket,64,xyz,0.402983,25.835034,0.805376,6.142175
easter_egg_basket,256,luv,0.480448,29.714610,0.849487,2.424174
easter_egg_basket,256,rgb,0.595134,33.688399,0.923746,2.631028
easter_egg_basket,256,xyz,0.528524,29.620873,0.882714,3.968343
easter_eggs,4,luv,0.048677,12.538018,0.606289,18.023098
easter_eggs,4,rgb,0.096234,15.824811,0.635690,16.703967
easter_eggs,4,xyz,0.103673,13.289217,0.598569,20.737748
easter_eggs,16,luv,0.161659,21.386240,0.652968,6.584617
easter_eggs,16,rgb,0.191599,23.630432,0.694821,6.371814
easter_eggs,16,xyz,0.202091,20.001849,0.648680,9.292668
easter_eggs,64,luv,0.288604,26.894127,0.726561,3.253893
easter_eggs,64,rgb,0.345461,29.765673,0.796131,3.182111
easter_eggs,64,xyz,0.367087,26.237365,0.753801,4.347124
easter_eggs,256,luv,0.440218,31.400470,0.823339,1.679285
easter_eggs,256,rgb,0.521327,35.288249,0.897044,1.742005
easter_eggs,256,xyz,0.522905,29.760900,0.828455,2.559191
eastern_rosella,4,luv,0.084696,17.666670,0.608184,10.128465
eastern_rosella,4,rgb,0.214061,20.321918,0.777052,9.843553
eastern_rosella,4,xyz,0.176964,18.923815,0.737694,12.082532
eastern_rosella,16,luv,0.240804,23.427547,0.783463,5.300097
eastern_rosella,16,rgb,0.343890,25.969241,0.845770,5.971965
eastern_rosella,16,xyz,0.320592,24.098852,0.832721,6.779236
eastern_rosella,64,luv,0.370640,27.186318,0.858354,3.345747
eastern_rosella,64,rgb,0.486106,30.522595,0.909478,3.810914
eastern_rosella,64,xyz,0.453904,27.538739,0.895898,4.759046
eastern_rosella,256,luv,0.496854,30.899311,0.912913,2.145934
eastern_rosella,256,rgb,0.616884,34.774888,0.953734,2.385831
eastern_rosella,256,xyz,0.567414,30.866654,0.936798,3.464237
felt_ball_trivet,4,luv,0.066699,14.869476,0.445417,17.656521
felt_ball_trivet,4,rgb,0.079324,17.308927,0.474787,16.340785
felt_ball_trivet,4,xyz,0.097096,15.173508,0.464389,19.563007
felt_ball_trivet,16,luv,0.115352,21.356885,0.536889,7.414919
felt_ball_trivet,16,rgb,0.190497,23.249965,0.622033,8.852678
felt_ball_trivet,16,xyz,0.179466,19.586480,0.548955,11.647405
felt_ball_trivet,64,luv,0.244476,26.019769,0.663751,4.068050
felt_ball_trivet,64,rgb,0.339669,28.827886,0.766002,4.206520
felt_ball_trivet,64,xyz,0.327785,24.143626,0.677660,6.738249
felt_ball_trivet,256,luv,0.397370,30.212794,0.785196,2.385190
felt_ball_trivet,256,rgb,0.528404,33.853536,0.893934,2.467118
felt_ball_trivet,256,xyz,0.480550,28.560618,0.785830,3.710777
fishing_nets,4,luv,0.064749,14.248653,0.305665,18.829044
fishing_nets,4,rgb,0.150400,16.693561,0.494568,18.042136
fishing_nets,4,xyz,0.135906,15.182070,0.442764,19.774993
fishing_nets,16,luv,0.199553,20.365973,0.603773,7.872538
fishing_nets,16,rgb,0.312620,22.741298,0.786221,8.320328
fishing_nets,16,xyz,0.347917,19.162999,0.779264,13.987840
fishing_nets,64,luv,0.378257,25.561957,0.853830,4.144251
fishing_nets,64,rgb,0.484314,28.557472,0.925475,3.944473
fishing_nets,64,xyz,0.438988,24.380819,0.860227,6.915253
fishing_nets,256,luv,0.529024,29.889426,0.938935,2.491202
fishing_nets,256,rgb,0.631247,33.229058,0.970977,2.408941
fishing_nets,256,xyz,0.572241,29.238550,0.936922,3.451327
floating_market,4,luv,0.181512,17.425964,0.630384,12.279519
floating_market,4,rgb,0.291054,20.484756,0.800662,11.005894
floating_market,4,xyz,0.238696,19.050370,0.710601,12.283808
floating_market,16,luv,0.336301,21.978875,0.832412,7.398391
floating_market,16,rgb,0.438819,24.909614,0.905842,8.250106
floating_market,16,xyz,0.381725,22.953846,0.869840,9.008200
floating_market,64,luv,0.466500,25.971477,0.915023,4.714003
floating_market,64,rgb,0.570194,29.188823,0.955731,5.290162
floating_market,64,xyz,0.496420,25.874321,0.930924,7.009442
floating_market,256,luv,0.585886,29.645928,0.957827,3.053177
floating_market,256,rgb,0.683520,33.231625,0.979938,3.545446
floating_market,256,xyz,0.618673,29.404962,0.966152,5.120223
fruit_dessert,4,luv,0.116434,16.461637,0.364191,12.419519
fruit_dessert,4,rgb,0.128289,18.899720,0.426511,13.681677
fruit_dessert,4,xyz,0.135235,17.118568,0.412259,16.056643
fruit_dessert,16,luv,0.236459,23.183673,0.578150,5.873145
fruit_dessert,16,rgb,0.306001,25.433821,0.698831,6.048786
fruit_dessert,16,xyz,0.235296,21.763998,0.560949,9.189223
fruit_dessert,64,luv,0.372992,27.089766,0.732662,3.481955
fruit_dessert,64,rgb,0.474096,30.348213,0.859953,3.554715
fruit_dessert,64,xyz,0.370965,26.494139,0.723174,5.385104
fruit_dessert,256,luv,0.508302,30.683121,0.847682,2.129961
fruit_dessert,256,rgb,0.621434,34.640917,0.937310,2.229646
fruit_dessert,256,xyz,0.499124,30.470194,0.829144,3.376690
fruit_stand,4,luv,0.118978,16.438223,0.456094,14.799655
fruit_stand,4,rgb,0.237771,19.171724,0.706843,14.916090
fruit_stand,4,xyz,0.194976,17.737179,0.607424,16.331947
fruit_stand,16,luv,0.247230,20.677578,0.702219,8.653312
fruit_stand,16,rgb,0.375483,23.850681,0.850367,9.737998
fruit_stand,16,xyz,0.330698,21.869786,0.804463,12.136022
fruit_stand,64,luv,0.384299,24.663212,0.841390,5.468994
fruit_stand,64,rgb,0.500960,28.093935,0.920463,6.181278
fruit_stand,64,xyz,0.438433,25.293174,0.890429,8.866858
fruit_stand,256,luv,0.515014,28.398918,0.916954,3.506910
fruit_stand,256,rgb,0.622662,32.170041,0.962455,3.951769
fruit_stand,256,xyz,0.548201,28.729429,0.939970,6.279282
fruits,4,luv,0.066423,14.299198,0.392889,16.984722
fruits,4,rgb,0.165012,17.751272,0.543834,16.433317
fruits,4,xyz,0.170302,16.328286,0.531964,20.109196
fruits,16,luv,0.188572,20.304511,0.575234,8.666411
fruits,16,rgb,0.281044,22.984097,0.693809,10.150303
fruits,16,xyz,0.276740,19.991922,0.653271,14.917624
fruits,64,luv,0.311632,25.199039,0.724195,4.916332
fruits,64,rgb,0.418697,28.293855,0.818717,5.212873
fruits,64,xyz,0.380019,24.970479,0.767400,8.353294
fruits,256,luv,0.456623,29.727417,0.841508,2.893176
fruits,256,rgb,0.568335,33.065561,0.909394,3.055365
fruits,256,xyz,0.518338,29.557670,0.868663,4.836373
fruits_veggies,4,luv,0.078530,13.470633,0.463823,15.509697
fruits_veggies,4,rgb,0.177732,17.048704,0.598588,14.491893
fruits_veggies,4,xyz,0.147837,15.707184,0.549112,14.211781
fruits_veggies,16,luv,0.225903,20.757681,0.653738,7.397875
fruits_veggies,16,rgb,0.317044,23.755792,0.755116,7.455912
fruits_veggies,16,xyz,0.281703,20.129200,0.662877,9.491822
fruits_veggies,64,luv,0.342841,24.878305,0.750579,3.965601
fruits_veggies,64,rgb,0.455558,29.010233,0.868973,4.017158
fruits_veggies,64,xyz,0.403398,24.614674,0.768256,5.608394
fruits_veggies,256,luv,0.487714,29.385543,0.850356,2.273153
fruits_veggies,256,rgb,0.600151,33.732100,0.938821,2.358994
fruits_veggies,256,xyz,0.526940,28.777708,0.862414,3.518850
german_hot_air_balloon,4,luv,0.134549,20.806174,0.860647,6.110521
german_hot_air_balloon,4,rgb,0.161054,22.033547,0.879783,7.426423
german_hot_air_balloon,4,xyz,0.149201,21.056789,0.864138,7.187335
german_hot_air_balloon,16,luv,0.294413,26.288671,0.901667,3.003357
german_hot_air_balloon,16,rgb,0.340698,28.386620,0.920229,2.996904
german_hot_air_balloon,16,xyz,0.320207,25.585495,0.895277,3.991584
german_hot_air_balloon,64,luv,0.450915,31.682976,0.934734,1.561310
german_hot_air_balloon,64,rgb,0.521408,34.522362,0.952264,1.641470
german_hot_air_balloon,64,xyz,0.479402,31.592807,0.944826,2.043042
german_hot_air_balloon,256,luv,0.601374,36.835637,0.963909,0.859866
german_hot_air_balloon,256,rgb,0.675731,39.992214,0.976658,0.912023
german_hot_air_balloon,256,xyz,0.625022,36.273399,0.970621,1.224889
girl,4,luv,0.121800,20.999901,0.668004,7.953614
girl,4,rgb,0.146886,21.854601,0.692248,8.090101
girl,4,xyz,0.167331,20.040085,0.673883,10.482794
girl,16,luv,0.268793,26.854322,0.776227,4.174276
girl,16,rgb,0.358842,28.973060,0.831567,4.467477
girl,16,xyz,0.313548,25.657951,0.746673,5.983509
girl,64,luv,0.418874,31.768552,0.864143,2.289889
girl,64,rgb,0.549811,34.425339,0.925284,2.570354
girl,64,xyz,0.511317,31.695092,0.896119,3.499650
girl,256,luv,0.579415,36.206714,0.934478,1.388188
girl,256,rgb,0.703908,39.309946,0.969749,1.516593
girl,256,xyz,0.642446,35.355218,0.944692,2.462772
gourds,4,luv,0.124183,16.687906,0.455478,13.792272
gourds,4,rgb,0.190070,18.361822,0.590338,14.140963
gourds,4,xyz,0.156638,16.992522,0.507547,15.157327
gourds,16,luv,0.246508,21.258111,0.670964,7.411490
gourds,16,rgb,0.341596,24.224924,0.791920,8.103127
gourds,16,xyz,0.303021,21.244337,0.726755,10.962684
gourds,64,luv,0.379321,25.499194,0.807447,4.466991
gourds,64,rgb,0.479923,28.951046,0.890384,4.789752
gourds,64,xyz,0.424436,25.413634,0.835089,7.389990
gourds,256,luv,0.503108,29.055415,0.883648,2.822428
gourds,256,rgb,0.613354,33.218663,0.947801,3.109820
gourds,256,xyz,0.538343,29.364949,0.905778,4.793557
grilled_food,4,luv,0.154234,15.876239,0.366517,15.169073
grilled_food,4,rgb,0.213119,17.312998,0.461153,15.129224
grilled_food,4,xyz,0.193155,15.294050,0.409901,19.004189
grilled_food,16,luv,0.249650,20.009504,0.503038,7.860858
grilled_food,16,rgb,0.340650,23.209830,0.656954,7.924534
grilled_food,16,xyz,0.306602,19.545507,0.542236,13.461398
grilled_food,64,luv,0.380965,24.541287,0.702223,4.487612
grilled_food,64,rgb,0.483634,28.084729,0.828344,4.628822
grilled_food,64,xyz,0.417926,24.180182,0.681650,7.671622
grilled_food,256,luv,0.513214,28.689263,0.835884,2.619513
grilled_food,256,rgb,0.614636,32.631564,0.918637,2.753903
grilled_food,256,xyz,0.528302,27.923179,0.802289,4.726517
hard_candy,4,luv,0.098285,15.481142,0.429716,12.885859
hard_candy,4,rgb,0.162184,17.737781,0.530326,13.542884
hard_candy,4,xyz,0.127457,15.662938,0.473730,15.371776
hard_candy,16,luv,0.169833,20.346676,0.526458,7.114676
hard_candy,16,rgb,0.266367,23.338353,0.669541,6.946969
hard_candy,16,xyz,0.244184,19.757446,0.585852,9.126708
hard_candy,64,luv,0.289537,24.338507,0.661626,4.031928
hard_candy,64,rgb,0.414157,28.437304,0.820122,3.897620
hard_candy,64,xyz,0.369969,23.815653,0.705124,5.184012
hard_candy,256,luv,0.429964,28.715043,0.792437,2.337084
hard_candy,256,rgb,0.566490,33.290232,0.913852,2.248740
hard_candy,256,xyz,0.503377,27.711336,0.811408,3.038733
italian_hot_air_balloon,4,luv,0.058993,16.779485,0.659450,13.308516
italian_hot_air_balloon,4,rgb,0.152683,16.871698,0.730999,17.318419
italian_hot_air_balloon,4,xyz,0.206049,16.599309,0.728288,17.251150
italian_hot_air_balloon,16,luv,0.234269,21.716003,0.793389,5.713098
italian_hot_air_balloon,16,rgb,0.316959,24.488339,0.837139,5.968200
italian_hot_air_balloon,16,xyz,0.310386,21.642354,0.794959,8.234831
italian_hot_air_balloon,64,luv,0.390098,28.307727,0.861928,2.627294
italian_hot_air_balloon,64,rgb,0.468536,30.882930,0.898970,2.410904
italian_hot_air_balloon,64,xyz,0.443203,27.496021,0.870125,3.599302
italian_hot_air_balloon,256,luv,0.527639,33.016854,0.912096,1.451460
italian_hot_air_balloon,256,rgb,0.624155,36.293441,0.947015,1.369784
italian_hot_air_balloon,256,xyz,0.578908,31.837991,0.927299,1.959847
jacksons_chameleon,4,luv,0.077205,16.876470,0.414031,11.999093
jacksons_chameleon,4,rgb,0.176327,19.491479,0.610310,10.823076
jacksons_chameleon,4,xyz,0.191665,18.111740,0.606073,14.106627
jacksons_chameleon,16,luv,0.214086,21.477249,0.625659,6.671076
jacksons_chameleon,16,rgb,0.318778,24.640273,0.754857,6.668983
jacksons_chameleon,16,xyz,0.312543,22.551609,0.729450,7.924976
jacksons_chameleon,64,luv,0.330380,25.277130,0.750326,3.945515
jacksons_chameleon,64,rgb,0.438952,29.057668,0.840311,4.104980
jacksons_chameleon,64,xyz,0.420665,26.250369,0.822443,5.067077
jacksons_chameleon,256,luv,0.467309,29.307365,0.844511,2.382558
jacksons_chameleon,256,rgb,0.574939,33.355626,0.914707,2.448420
jacksons_chameleon,256,xyz,0.527563,29.728553,0.879581,3.354077
king_penguin,4,luv,0.072863,20.419662,0.682911,6.365933
king_penguin,4,rgb,0.125669,22.322991,0.755309,6.628142
king_penguin,4,xyz,0.151713,21.491736,0.748520,7.719889
king_penguin,16,luv,0.256155,26.528188,0.824763,3.529382
king_penguin,16,rgb,0.352675,28.855445,0.886618,3.622221
king_penguin,16,xyz,0.292364,26.849542,0.811561,4.011535
king_penguin,64,luv,0.389361,31.268428,0.892889,2.189132
king_penguin,64,rgb,0.516662,34.241578,0.933007,2.274230
king_penguin,64,xyz,0.475521,31.513058,0.911035,2.782833
king_penguin,256,luv,0.547556,35.305548,0.936846,1.408607
king_penguin,256,rgb,0.660533,38.610605,0.965867,1.522584
king_penguin,256,xyz,0.606960,35.197721,0.952986,2.065140
king_vulture,4,luv,0.037109,14.349965,0.447199,15.193743
king_vulture,4,rgb,0.126562,17.839412,0.573473,17.438725
king_vulture,4,xyz,0.123983,16.259708,0.550121,18.404852
king_vulture,16,luv,0.158216,21.257153,0.603195,7.427927
king_vulture,16,rgb,0.235012,23.563705,0.686906,8.189218
king_vulture,16,xyz,0.244957,21.169370,0.661314,11.610301
king_vulture,64,luv,0.292023,25.731173,0.737569,4.227622
king_vulture,64,rgb,0.404459,29.014666,0.828472,4.376940
king_vulture,64,xyz,0.368867,25.441446,0.766781,6.491045
king_vulture,256,luv,0.438069,29.894954,0.846160,2.556556
king_vulture,256,rgb,0.557322,33.702220,0.912807,2.734422
king_vulture,256,xyz,0.525878,30.174656,0.885496,3.702481
kingfisher,4,luv,0.133314,19.468355,0.708490,8.960923
kingfisher,4,rgb,0.170803,20.756096,0.735067,8.652915
kingfisher,4,xyz,0.171490,18.917781,0.710597,9.704262
kingfisher,16,luv,0.216861,23.218923,0.752732,5.248973
kingfisher,16,rgb,0.305957,26.146283,0.810590,5.243630
kingfisher,16,xyz,0.319817,23.455838,0.780263,6.024468
kingfisher,64,luv,0.344275,28.151016,0.826487,2.788414
kingfisher,64,rgb,0.433650,31.422245,0.879227,3.098034
kingfisher,64,xyz,0.461458,27.962141,0.846658,3.854441
kingfisher,256,luv,0.504046,32.365601,0.891171,1.602261
kingfisher,256,rgb,0.601568,36.313168,0.939960,1.835231
kingfisher,256,xyz,0.588641,31.883983,0.897939,2.425136
korean_dancer,4,luv,0.107015,15.960449,0.547536,12.642932
korean_dancer,4,rgb,0.168478,18.228906,0.564807,12.053094
korean_dancer,4,xyz,0.174730,16.448788,0.555675,14.195968
korean_dancer,16,luv,0.236336,21.908335,0.627203,6.376700
korean_dancer,16,rgb,0.302169,24.658392,0.728170,6.228614
korean_dancer,16,xyz,0.319404,21.099392,0.628027,8.388921
korean_dancer,64,luv,0.366802,27.063694,0.750563,3.544348
korean_dancer,64,rgb,0.474160,30.638518,0.847699,3.576309
korean_dancer,64,xyz,0.479460,26.323508,0.752021,5.123083
korean_dancer,256,luv,0.518640,32.352753,0.859151,1.949151
korean_dancer,256,rgb,0.641604,35.843866,0.929528,2.068624
korean_dancer,256,xyz,0.613422,30.505266,0.849711,3.242016
lights,4,luv,0.119082,12.183689,0.400746,20.891759
lights,4,rgb,0.151047,13.446785,0.466006,20.876893
lights,4,xyz,0.162393,12.689740,0.465470,21.946753
lights,16,luv,0.237913,17.191996,0.593346,11.362738
lights,16,rgb,0.303911,19.623164,0.687563,11.243072
lights,16,xyz,0.270238,15.662719,0.634024,15.064988
lights,64,luv,0.369846,21.640603,0.747334,5.981432
lights,64,rgb,0.442759,24.616500,0.822665,6.018895
lights,64,xyz,0.381341,20.285201,0.751736,8.459594
lights,256,luv,0.496294,25.763501,0.847037,3.373414
lights,256,rgb,0.574993,29.329892,0.905260,3.483723
lights,256,xyz,0.498393,23.930744,0.838192,5.078322
macarons,4,luv,0.060425,14.282611,0.537156,16.062845
macarons,4,rgb,0.123620,16.615019,0.589536,15.845710
macarons,4,xyz,0.112250,15.493123,0.572511,16.570944
macarons,16,luv,0.137339,19.314342,0.585788,8.681620
macarons,16,rgb,0.211953,22.290610,0.657310,8.912376
macarons,16,xyz,0.221786,18.935820,0.621649,11.218879
macarons,64,luv,0.248321,24.319127,0.670506,4.683081
macarons,64,rgb,0.344117,27.617255,0.769423,4.984847
macarons,64,xyz,0.357499,22.727922,0.722553,7.245437
macarons,256,luv,0.377442,28.852121,0.769006,2.625097
macarons,256,rgb,0.498365,32.650300,0.874461,2.703002
macarons,256,xyz,0.464780,27.090840,0.791230,4.177032
macaws,4,luv,0.047781,15.082982,0.631228,13.122069
macaws,4,rgb,0.085297,19.265946,0.693915,12.337340
macaws,4,xyz,0.134430,17.863514,0.700906,15.970318
macaws,16,luv,0.163125,24.010215,0.721814,5.310168
macaws,16,rgb,0.255406,26.492886,0.771195,5.576206
macaws,16,xyz,0.259065,23.656479,0.744590,9.724565
macaws,64,luv,0.286610,28.690229,0.785674,3.134657
macaws,64,rgb,0.431317,31.875237,0.863536,3.364466
macaws,64,xyz,0.408345,28.971934,0.839561,4.706529
macaws,256,luv,0.452650,33.235428,0.873717,1.876823
macaws,256,rgb,0.596942,36.720909,0.934761,2.071142
macaws,256,xyz,0.566688,33.430083,0.912966,2.842014
malayan_banded_pitta,4,luv,0.118080,18.764877,0.703348,11.357989
malayan_banded_pitta,4,rgb,0.184732,21.074557,0.757442,11.119645
malayan_banded_pitta,4,xyz,0.196378,20.404603,0.766100,10.980900
malayan_banded_pitta,16,luv,0.212545,23.754397,0.777844,6.378540
malayan_banded_pitta,16,rgb,0.347357,26.719598,0.849037,7.605280
malayan_banded_pitta,16,xyz,0.346598,24.800734,0.836673,8.748035
malayan_banded_pitta,64,luv,0.343020,28.367795,0.849263,3.701086
malayan_banded_pitta,64,rgb,0.473989,31.518947,0.903619,4.364752
malayan_banded_pitta,64,xyz,0.478825,28.822175,0.895599,5.999658
malayan_banded_pitta,256,luv,0.490592,32.729971,0.906572,2.235459
malayan_banded_pitta,256,rgb,0.621926,36.049414,0.950813,2.753182
malayan_banded_pitta,256,xyz,0.597268,32.757190,0.940341,4.075170
mandarin_ducks,4,luv,0.166391,22.623436,0.759226,7.147475
mandarin_ducks,4,rgb,0.261482,23.931157,0.787127,7.105179
mandarin_ducks,4,xyz,0.210017,23.444907,0.796637,7.527227
mandarin_ducks,16,luv,0.333557,27.713225,0.849306,4.024831
mandarin_ducks,16,rgb,0.456656,30.105750,0.901035,4.422552
mandarin_ducks,16,xyz,0.461743,28.794407,0.893471,5.000586
mandarin_ducks,64,luv,0.482877,32.009303,0.911455,2.581747
mandarin_ducks,64,rgb,0.621460,35.219571,0.957214,3.129040
mandarin_ducks,64,xyz,0.603762,32.840778,0.950183,3.722462
mandarin_ducks,256,luv,0.620659,36.041152,0.952958,1.654634
mandarin_ducks,256,rgb,0.741324,39.444826,0.978141,2.069396
mandarin_ducks,256,xyz,0.717886,36.455066,0.975112,2.916565
mandarinfish,4,luv,0.073070,16.415712,0.584770,14.599478
mandarinfish,4,rgb,0.119307,18.936298,0.618443,15.413406
mandarinfish,4,xyz,0.098347,17.249771,0.590513,16.806957
mandarinfish,16,luv,0.157958,20.391186,0.639934,8.768122
mandarinfish,16,rgb,0.257760,23.587424,0.720384,10.208293
mandarinfish,16,xyz,0.253672,21.609255,0.705394,12.594784
mandarinfish,64,luv,0.259532,25.131885,0.719532,5.058178
mandarinfish,64,rgb,0.381932,28.302539,0.811326,5.635812
mandarinfish,64,xyz,0.371584,24.783475,0.790381,9.243043
mandarinfish,256,luv,0.392892,29.220448,0.809146,3.018337
mandarinfish,256,rgb,0.515573,32.801602,0.886917,3.393343
mandarinfish,256,xyz,0.472893,28.359156,0.849323,6.282764
mangoes,4,luv,0.083473,19.202651,0.764023,7.967851
mangoes,4,rgb,0.128599,22.218691,0.782859,7.206492
mangoes,4,xyz,0.120715,21.693329,0.778389,7.104128
mangoes,16,luv,0.218329,26.866710,0.820449,3.380508
mangoes,16,rgb,0.271053,28.661696,0.837670,3.382077
mangoes,16,xyz,0.294620,26.309745,0.845505,4.287843
mangoes,64,luv,0.368655,31.390937,0.874413,1.838045
mangoes,64,rgb,0.470356,34.468764,0.916252,1.861333
mangoes,64,xyz,0.462596,31.663546,0.902212,2.180703
mangoes,256,luv,0.534254,35.628677,0.929740,1.063166
mangoes,256,rgb,0.631408,39.513982,0.961672,1.122266
mangoes,256,xyz,0.592057,35.899837,0.945469,1.354479
marrakech_museum,4,luv,0.219939,14.546861,0.747196,14.427580
marrakech_museum,4,rgb,0.295690,17.069938,0.862201,14.199945
marrakech_museum,4,xyz,0.294283,15.271307,0.825809,16.162059
marrakech_museum,16,luv,0.407972,21.246485,0.934826,6.741214
marrakech_museum,16,rgb,0.472808,23.682824,0.956856,6.711588
marrakech_museum,16,xyz,0.417048,19.994895,0.933060,9.506047
marrakech_museum,64,luv,0.536627,25.805948,0.973350,4.028263
marrakech_museum,64,rgb,0.620187,29.126945,0.985674,4.010377
marrakech_museum,64,xyz,0.526128,24.413544,0.972701,6.054965
marrakech_museum,256,luv,0.640890,29.640321,0.987807,2.548421
marrakech_museum,256,rgb,0.733783,33.770861,0.994580,2.667403
marrakech_museum,256,xyz,0.638785,28.678278,0.988704,3.707560
maya_beach,4,luv,0.149609,17.810988,0.689527,10.568281
maya_beach,4,rgb,0.203316,20.252675,0.755423,10.174435
maya_beach,4,xyz,0.172854,19.214426,0.712665,11.163508
maya_beach,16,luv,0.274908,23.828232,0.801564,5.469634
maya_beach,16,rgb,0.352832,25.967592,0.848206,6.135632
maya_beach,16,xyz,0.344824,23.014066,0.830121,8.087023
maya_beach,64,luv,0.405923,28.108100,0.876134,3.186362
maya_beach,64,rgb,0.502572,31.063079,0.915750,3.524026
maya_beach,64,xyz,0.472663,28.092497,0.896260,4.616316
maya_beach,256,luv,0.553772,32.347825,0.934125,1.945184
maya_beach,256,rgb,0.659049,35.827296,0.964111,2.171928
maya_beach,256,xyz,0.611144,32.055948,0.950145,2.987700
medicine_packets,4,luv,0.100466,11.635746,0.333807,20.200468
medicine_packets,4,rgb,0.224774,16.053616,0.574271,14.706779
medicine_packets,4,xyz,0.214378,14.150947,0.567676,19.717064
medicine_packets,16,luv,0.339907,20.490405,0.738223,7.301439
medicine_packets,16,rgb,0.428760,23.093195,0.838616,8.119038
medicine_packets,16,xyz,0.370068,19.174336,0.772115,10.384133
medicine_packets,64,luv,0.485821,25.273975,0.876816,4.057823
medicine_packets,64,rgb,0.570592,28.357829,0.925778,4.283994
medicine_packets,64,xyz,0.507325,23.543368,0.878733,6.029640
medicine_packets,256,luv,0.604210,29.212378,0.933494,2.468145
medicine_packets,256,rgb,0.698182,33.102494,0.967427,2.691146
medicine_packets,256,xyz,0.618826,27.529361,0.935818,3.750079
moroccan_babouches,4,luv,0.134015,18.039173,0.468326,12.151992
moroccan_babouches,4,rgb,0.199212,19.571212,0.579916,12.338087
moroccan_babouches,4,xyz,0.211188,18.324371,0.598313,13.714291
moroccan_babouches,16,luv,0.254176,22.239232,0.658171,7.175660
moroccan_babouches,16,rgb,0.359004,25.046028,0.783354,7.605868
moroccan_babouches,16,xyz,0.340295,22.646066,0.755322,9.798946
moroccan_babouches,64,luv,0.387950,26.727530,0.805003,4.306431
moroccan_babouches,64,rgb,0.508942,29.919392,0.894417,4.648050
moroccan_babouches,64,xyz,0.470430,26.312895,0.854856,7.311760
moroccan_babouches,256,luv,0.530140,30.766314,0.898479,2.622934
moroccan_babouches,256,rgb,0.646432,34.439631,0.952128,2.859869
moroccan_babouches,256,xyz,0.596378,30.515058,0.918676,4.596070
motocross,4,luv,0.217429,19.512481,0.641495,9.735850
motocross,4,rgb,0.297991,22.078862,0.752144,9.704392
motocross,4,xyz,0.232093,20.597731,0.646035,10.811826
motocross,16,luv,0.361417,24.864862,0.802628,5.504771
motocross,16,rgb,0.482023,27.385502,0.884019,6.237892
motocross,16,xyz,0.457725,25.026931,0.873922,8.046967
motocross,64,luv,0.531821,29.773874,0.908358,3.287771
motocross,64,rgb,0.630882,32.651624,0.951803,3.688250
motocross,64,xyz,0.579891,29.869654,0.930964,5.482025
motocross,256,luv,0.663550,34.009174,0.958619,2.121288
motocross,256,rgb,0.759204,37.267844,0.980594,2.507224
motocross,256,xyz,0.704203,34.051349,0.964678,3.569473
motorcycle,4,luv,0.125980,17.279424,0.466249,11.910326
motorcycle,4,rgb,0.190254,18.609575,0.565041,13.171605
motorcycle,4,xyz,0.185174,16.954309,0.574513,14.636820
motorcycle,16,luv,0.271209,22.286497,0.692700,5.912070
motorcycle,16,rgb,0.363406,24.898044,0.806367,6.834050
motorcycle,16,xyz,0.336514,22.388185,0.762740,8.756965
motorcycle,64,luv,0.427916,26.742814,0.847296,3.601360
motorcycle,64,rgb,0.540990,30.238944,0.920297,3.743337
motorcycle,64,xyz,0.487135,27.075209,0.873366,5.251792
motorcycle,256,luv,0.574758,30.780279,0.922627,2.276317
motorcycle,256,rgb,0.677837,34.717088,0.964746,2.559267
motorcycle,256,xyz,0.630205,31.069784,0.939333,3.352323
mural,4,luv,0.186906,17.044558,0.664961,10.418402
mural,4,rgb,0.304879,19.814808,0.812303,9.697839
mural,4,xyz,0.273940,18.460793,0.768351,10.191167
mural,16,luv,0.392281,24.026312,0.869031,4.888354
mural,16,rgb,0.481327,26.675772,0.912572,5.224132
mural,16,xyz,0.447934,24.192320,0.892430,6.285827
mural,64,luv,0.556246,29.047413,0.930500,2.861320
mural,64,rgb,0.646156,32.091246,0.961992,3.085218
mural,64,xyz,0.591804,28.881151,0.947507,3.722406
mural,256,luv,0.681122,33.472754,0.969767,1.731842
mural,256,rgb,0.774948,37.032751,0.984792,1.974670
mural,256,xyz,0.732522,33.414843,0.976810,2.508039
nylon_cords,4,luv,0.125007,16.126644,0.400837,14.626060
nylon_cords,4,rgb,0.165985,17.131193,0.487398,14.897862
nylon_cords,4,xyz,0.161227,15.526453,0.440263,17.855456
nylon_cords,16,luv,0.265876,21.177082,0.657840,6.799429
nylon_cords,16,rgb,0.331018,23.344080,0.766928,7.175860
nylon_cords,16,xyz,0.291951,20.306798,0.672022,10.302818
nylon_cords,64,luv,0.437190,26.734022,0.848054,3.482138
nylon_cords,64,rgb,0.513549,29.260929,0.913976,3.400741
nylon_cords,64,xyz,0.459927,26.011944,0.837369,5.016798
nylon_cords,256,luv,0.570617,30.519123,0.922194,2.001281
nylon_cords,256,rgb,0.643736,33.660636,0.960656,2.108033
nylon_cords,256,xyz,0.584226,29.868025,0.916365,3.051352
paper_clips,4,luv,0.184206,17.650272,0.756379,7.389750
paper_clips,4,rgb,0.200675,19.379195,0.772431,8.056676
paper_clips,4,xyz,0.220089,16.051745,0.776829,8.704724
paper_clips,16,luv,0.331274,25.382367,0.862296,3.164645
paper_clips,16,rgb,0.405631,27.745587,0.897014,3.277788
paper_clips,16,xyz,0.404315,24.951411,0.893492,3.666529
paper_clips,64,luv,0.518995,31.073364,0.942103,1.619978
paper_clips,64,rgb,0.616470,33.860206,0.963236,1.934745
paper_clips,64,xyz,0.568404,29.289267,0.947449,2.434698
paper_clips,256,luv,0.660396,35.465936,0.970639,0.851184
paper_clips,256,rgb,0.755217,39.292561,0.985890,1.120831
paper_clips,256,xyz,0.695476,34.287268,0.974093,1.324719
peacock,4,luv,0.140050,18.607851,0.597429,12.099281
peacock,4,rgb,0.266419,19.593123,0.773114,12.664456
peacock,4,xyz,0.194596,19.195589,0.638659,13.013991
peacock,16,luv,0.300630,22.956611,0.813053,7.686296
peacock,16,rgb,0.421200,25.757217,0.902169,9.103585
peacock,16,xyz,0.378947,23.655286,0.871431,9.657008
peacock,64,luv,0.429710,26.614551,0.902552,4.962183
peacock,64,rgb,0.541672,29.849047,0.950776,6.004005
peacock,64,xyz,0.506553,27.082727,0.936551,7.868939
peacock,256,luv,0.552961,30.282569,0.951664,3.173606
peacock,256,rgb,0.655489,33.736472,0.977338,3.909040
peacock,256,xyz,0.600379,29.954271,0.963222,6.290730
pencils,4,luv,0.074772,18.857254,0.546383,10.409436
pencils,4,rgb,0.118936,19.679009,0.603999,10.658679
pencils,4,xyz,0.149557,16.660893,0.556757,16.848838
pencils,16,luv,0.221594,23.933784,0.688275,5.205028
pencils,16,rgb,0.289937,26.771382,0.781335,4.796271
pencils,16,xyz,0.279508,23.782340,0.726379,6.842810
pencils,64,luv,0.449839,31.522513,0.874103,2.034640
pencils,64,rgb,0.515268,33.541775,0.912190,2.009349
pencils,64,xyz,0.460958,29.548365,0.865551,3.389641
pencils,256,luv,0.643291,36.844441,0.947069,1.013890
pencils,256,rgb,0.717454,39.627668,0.969720,1.005920
pencils,256,xyz,0.633447,35.019980,0.933149,1.581849
pigments,4,luv,0.045947,14.119659,0.258112,16.729281
pigments,4,rgb,0.138012,17.102978,0.467798,15.861209
pigments,4,xyz,0.139716,15.529339,0.481843,18.843011
pigments,16,luv,0.162113,19.109604,0.525255,9.157943
pigments,16,rgb,0.270510,22.553983,0.705609,8.890663
pigments,16,xyz,0.285580,19.571269,0.695954,11.864317
pigments,64,luv,0.308793,24.890916,0.749564,4.788568
pigments,64,rgb,0.415658,27.865097,0.858541,4.649925
pigments,64,xyz,0.399152,23.755732,0.808757,7.539637
pigments,256,luv,0.445795,28.814257,0.870203,2.993339
pigments,256,rgb,0.560747,32.311742,0.937893,2.978664
pigments,256,xyz,0.509655,27.551150,0.882483,4.455960
pink_mosque,4,luv,0.121563,16.581749,0.451269,13.481937
pink_mosque,4,rgb,0.169346,17.828164,0.575825,13.583260
pink_mosque,4,xyz,0.132650,16.648683,0.475164,14.469298
pink_mosque,16,luv,0.248886,21.105491,0.643746,7.510071
pink_mosque,16,rgb,0.311806,23.341961,0.736927,7.459597
pink_mosque,16,xyz,0.253422,20.146045,0.653897,10.122257
pink_mosque,64,luv,0.372024,25.374011,0.769043,4.228706
pink_mosque,64,rgb,0.467203,28.406946,0.862151,4.556440
pink_mosque,64,xyz,0.371400,23.754811,0.760475,7.007914
pink_mosque,256,luv,0.504907,29.256199,0.860278,2.567081
pink_mosque,256,rgb,0.603831,32.916677,0.934138,2.746488
pink_mosque,256,xyz,0.492888,27.660353,0.846036,4.702788
plushies,4,luv,0.183664,15.918424,0.606072,15.271927
plushies,4,rgb,0.285851,18.806005,0.786105,14.316490
plushies,4,xyz,0.236858,17.292084,0.700254,15.607084
plushies,16,luv,0.311383,20.428153,0.796257,9.141697
plushies,16,rgb,0.423094,23.475132,0.892786,9.549162
plushies,16,xyz,0.378917,21.486845,0.855176,11.803789
plushies,64,luv,0.454542,24.956084,0.903022,5.461004
plushies,64,rgb,0.552666,28.027441,0.948196,5.974489
plushies,64,xyz,0.487949,24.513522,0.920962,9.060257
plushies,256,luv,0.570555,28.713738,0.949050,3.450150
plushies,256,rgb,0.669520,32.308415,0.976552,4.001108
plushies,256,xyz,0.595995,28.228887,0.954224,5.794966
prickly_pears,4,luv,0.112829,16.535282,0.424405,13.477798
prickly_pears,4,rgb,0.241326,19.269145,0.635304,14.619228
prickly_pears,4,xyz,0.240448,17.643748,0.615657,16.876461
prickly_pears,16,luv,0.270458,22.322502,0.678943,6.673476
prickly_pears,16,rgb,0.377600,24.871499,0.781657,7.825433
prickly_pears,16,xyz,0.378732,21.771996,0.772723,11.461265
prickly_pears,64,luv,0.441409,27.151959,0.833770,3.837660
prickly_pears,64,rgb,0.551594,30.460745,0.910919,3.952514
prickly_pears,64,xyz,0.513319,26.762868,0.861337,6.507317
prickly_pears,256,luv,0.582223,31.453595,0.916255,2.366530
prickly_pears,256,rgb,0.690712,35.155323,0.961580,2.515157
prickly_pears,256,xyz,0.644726,31.363669,0.927020,3.654197
puffin,4,luv,0.111155,17.360265,0.618398,11.032741
puffin,4,rgb,0.171491,19.369193,0.755626,10.305084
puffin,4,xyz,0.174092,17.836952,0.680774,11.147127
puffin,16,luv,0.251188,23.490109,0.799167,5.074088
puffin,16,rgb,0.337454,25.846115,0.842383,5.888636
puffin,16,xyz,0.360434,23.277620,0.833404,7.136542
puffin,64,luv,0.418172,28.321285,0.874279,2.879924
puffin,64,rgb,0.528435,31.400591,0.920208,3.238374
puffin,64,xyz,0.521222,27.422335,0.913123,4.734127
puffin,256,luv,0.565496,32.418225,0.932045,1.772964
puffin,256,rgb,0.686380,36.226087,0.968647,2.058898
puffin,256,xyz,0.649633,31.562784,0.956263,2.904908
race_car,4,luv,0.142166,19.483421,0.701833,9.585252
race_car,4,rgb,0.146160,19.609011,0.702122,9.548107
race_car,4,xyz,0.145671,18.083614,0.696889,11.060197
race_car,16,luv,0.279420,25.922772,0.797380,3.745007
race_car,16,rgb,0.368360,28.410109,0.837863,3.808987
race_car,16,xyz,0.368886,26.312742,0.819233,5.355947
race_car,64,luv,0.485195,32.459925,0.897669,2.022121
race_car,64,rgb,0.587267,34.891134,0.934452,2.019239
race_car,64,xyz,0.554758,31.653302,0.907664,2.617500
race_car,256,luv,0.653772,37.039514,0.950250,1.214708
race_car,256,rgb,0.750220,40.095932,0.973681,1.330976
race_car,256,xyz,0.706029,37.012391,0.958965,1.659637
red_eyed_tree_frog,4,luv,0.085094,18.931591,0.622103,8.328339
red_eyed_tree_frog,4,rgb,0.177232,20.601066,0.669500,8.350360
red_eyed_tree_frog,4,xyz,0.161081,19.459063,0.643033,11.614975
red_eyed_tree_frog,16,luv,0.223926,23.280469,0.694562,4.555135
red_eyed_tree_frog,16,rgb,0.307627,26.616221,0.778072,4.639617
red_eyed_tree_frog,16,xyz,0.300172,23.567153,0.756705,6.123913
red_eyed_tree_frog,64,luv,0.348689,28.001912,0.794652,2.643204
red_eyed_tree_frog,64,rgb,0.471017,31.608098,0.885728,2.818803
red_eyed_tree_frog,64,xyz,0.436219,28.060841,0.833276,3.886760
red_eyed_tree_frog,256,luv,0.497845,31.874337,0.876538,1.621662
red_eyed_tree_frog,256,rgb,0.618482,36.073427,0.942492,1.775973
red_eyed_tree_frog,256,xyz,0.557991,32.229618,0.897778,2.716542
red_knobbed_starfish,4,luv,0.119446,17.093293,0.515318,13.408592
red_knobbed_starfish,4,rgb,0.219361,19.487769,0.660867,14.400513
red_knobbed_starfish,4,xyz,0.165693,18.291462,0.591201,15.204999
red_knobbed_starfish,16,luv,0.230745,22.192438,0.685307,7.489892
red_knobbed_starfish,16,rgb,0.345303,25.278277,0.797662,8.014245
red_knobbed_starfish,16,xyz,0.309288,23.024133,0.754074,10.451977
red_knobbed_starfish,64,luv,0.358978,26.428977,0.805622,4.544191
red_knobbed_starfish,64,rgb,0.483598,29.966550,0.891055,5.041092
red_knobbed_starfish,64,xyz,0.460951,26.799515,0.867312,7.734347
red_knobbed_starfish,256,luv,0.491218,30.351476,0.887886,2.862804
red_knobbed_starfish,256,rgb,0.612649,33.985702,0.945114,3.292198
red_knobbed_starfish,256,xyz,0.563128,30.521294,0.916451,5.163113
rescue_helicopter,4,luv,0.180427,19.798486,0.721347,6.669608
rescue_helicopter,4,rgb,0.219794,20.858748,0.742967,7.379262
rescue_helicopter,4,xyz,0.220223,18.186222,0.741316,10.055283
rescue_helicopter,16,luv,0.319990,25.549536,0.815778,3.673921
rescue_helicopter,16,rgb,0.413737,28.121269,0.873077,3.192651
rescue_helicopter,16,xyz,0.389862,25.887029,0.845478,3.966638
rescue_helicopter,64,luv,0.510094,31.564590,0.908364,1.895777
rescue_helicopter,64,rgb,0.605156,34.359268,0.944598,1.693332
rescue_helicopter,64,xyz,0.562204,31.270576,0.924173,2.123005
rescue_helicopter,256,luv,0.667870,36.352118,0.959845,1.109422
rescue_helicopter,256,rgb,0.753912,39.634750,0.978662,1.055995
rescue_helicopter,256,xyz,0.701417,35.648707,0.965018,1.337567
rose_bouquet,4,luv,0.120693,15.865243,0.376709,14.816482
rose_bouquet,4,rgb,0.187652,17.719250,0.500390,15.422438
rose_bouquet,4,xyz,0.197016,16.192866,0.494145,17.978141
rose_bouquet,16,luv,0.242836,20.814536,0.583551,7.773361
rose_bouquet,16,rgb,0.319464,23.556777,0.694183,8.111861
rose_bouquet,16,xyz,0.281861,19.654507,0.611597,13.373561
rose_bouquet,64,luv,0.360674,24.830639,0.721210,4.482075
rose_bouquet,64,rgb,0.464249,28.633071,0.838543,4.484478
rose_bouquet,64,xyz,0.392434,24.329558,0.721407,7.288079
rose_bouquet,256,luv,0.497239,29.156982,0.827892,2.568362
rose_bouquet,256,rgb,0.610129,33.380119,0.926666,2.647268
rose_bouquet,256,xyz,0.506995,28.245044,0.809746,4.414754
sagami_temple,4,luv,0.173593,17.527644,0.560146,13.262347
sagami_temple,4,rgb,0.239763,18.945501,0.682485,13.692925
sagami_temple,4,xyz,0.170776,16.760023,0.543699,16.434001
sagami_temple,16,luv,0.321948,22.644759,0.789001,6.978622
sagami_temple,16,rgb,0.405343,25.230029,0.864739,7.617001
sagami_temple,16,xyz,0.330010,22.103475,0.763372,10.649679
sagami_temple,64,luv,0.473022,27.375441,0.898894,4.117600
sagami_temple,64,rgb,0.565214,30.415596,0.943557,4.206827
sagami_temple,64,xyz,0.456871,26.365373,0.868656,7.409208
sagami_temple,256,luv,0.600494,31.556171,0.949809,2.428501
sagami_temple,256,rgb,0.694969,35.013589,0.974484,2.643836
sagami_temple,256,xyz,0.588227,30.587959,0.933876,4.584220
salad_bowl,4,luv,0.089478,15.789302,0.536280,14.592581
salad_bowl,4,rgb,0.160137,18.141627,0.606452,15.338157
salad_bowl,4,xyz,0.185989,17.106425,0.625360,15.544686
salad_bowl,16,luv,0.199542,20.975567,0.647497,7.234523
salad_bowl,16,rgb,0.291986,23.713815,0.736467,7.985733
salad_bowl,16,xyz,0.311722,21.078261,0.726911,11.709050
salad_bowl,64,luv,0.312088,25.162059,0.749340,4.356195
salad_bowl,64,rgb,0.433951,28.485357,0.841087,4.919521
salad_bowl,64,xyz,0.434927,25.133080,0.828050,7.158174
salad_bowl,256,luv,0.445780,28.967059,0.839640,2.628741
salad_bowl,256,rgb,0.572635,33.022919,0.914942,2.921880
salad_bowl,256,xyz,0.545005,29.264735,0.894505,4.389831
schoolgirls,4,luv,0.120250,15.840444,0.416993,14.836888
schoolgirls,4,rgb,0.187494,18.167708,0.569268,14.669630
schoolgirls,4,xyz,0.219301,16.856985,0.621313,17.159887
schoolgirls,16,luv,0.247814,20.711744,0.676031,8.691948
schoolgirls,16,rgb,0.357426,23.408602,0.805695,9.088481
schoolgirls,16,xyz,0.341996,20.817085,0.760767,11.937847
schoolgirls,64,luv,0.381292,25.089366,0.824659,5.338781
schoolgirls,64,rgb,0.501705,28.210684,0.907027,5.793991
schoolgirls,64,xyz,0.466775,24.874884,0.867157,8.005466
schoolgirls,256,luv,0.513341,29.002837,0.910686,3.365185
schoolgirls,256,rgb,0.624516,32.439884,0.955871,3.812000
schoolgirls,256,xyz,0.587910,28.587842,0.928553,5.539278
seattle_great_wheel,4,luv,0.148664,16.044375,0.386377,11.682484
seattle_great_wheel,4,rgb,0.207383,19.019834,0.562484,8.767667
seattle_great_wheel,4,xyz,0.165520,15.823034,0.411856,14.747945
seattle_great_wheel,16,luv,0.304152,23.137966,0.721868,5.331534
seattle_great_wheel,16,rgb,0.375650,25.423292,0.811688,5.046572
seattle_great_wheel,16,xyz,0.301747,21.182841,0.670859,7.208441
seattle_great_wheel,64,luv,0.429624,26.945345,0.851179,3.178469
seattle_great_wheel,64,rgb,0.528831,30.297288,0.924990,2.818869
seattle_great_wheel,64,xyz,0.429288,24.957508,0.833890,4.372486
seattle_great_wheel,256,luv,0.553938,30.697383,0.924803,1.883740
seattle_great_wheel,256,rgb,0.660469,34.761064,0.969906,1.760409
seattle_great_wheel,256,xyz,0.542389,28.082169,0.891704,2.953110
shawls,4,luv,0.082702,13.976007,0.317900,17.456828
shawls,4,rgb,0.176279,17.695717,0.571582,15.434958
shawls,4,xyz,0.145889,15.884206,0.506691,18.580930
shawls,16,luv,0.248703,20.710661,0.688915,8.057433
shawls,16,rgb,0.320430,23.059483,0.791394,8.451378
shawls,16,xyz,0.322137,20.192247,0.752207,12.193319
shawls,64,luv,0.390813,25.301684,0.839602,4.502693
shawls,64,rgb,0.485007,28.186578,0.914112,4.766299
shawls,64,xyz,0.428047,24.083335,0.840267,7.471559
shawls,256,luv,0.530700,29.053072,0.912299,2.767525
shawls,256,rgb,0.629692,32.827564,0.964650,2.904166
shawls,256,xyz,0.551459,27.467754,0.900155,4.665217
shopping_bags,4,luv,0.263827,24.884332,0.941625,2.848983
shopping_bags,4,rgb,0.288920,25.149561,0.948399,2.850215
shopping_bags,4,xyz,0.266909,23.083620,0.932161,3.601060
shopping_bags,16,luv,0.436536,34.999887,0.973465,0.449934
shopping_bags,16,rgb,0.485464,36.887017,0.980709,0.445091
shopping_bags,16,xyz,0.458284,32.473433,0.969805,0.820000
shopping_bags,64,luv,0.614704,40.613511,0.985753,0.219741
shopping_bags,64,rgb,0.692139,43.488499,0.990869,0.213727
shopping_bags,64,xyz,0.631062,39.268122,0.984231,0.241097
shopping_bags,256,luv,0.775565,45.842895,0.994438,0.104700
shopping_bags,256,rgb,0.848304,49.778296,0.997087,0.108036
shopping_bags,256,xyz,0.776963,44.538240,0.994207,0.113413
siberian_tiger,4,luv,0.196733,21.877719,0.687368,7.693482
siberian_tiger,4,rgb,0.247015,23.328887,0.731438,7.691182
siberian_tiger,4,xyz,0.164464,19.444947,0.620249,10.656178
siberian_tiger,16,luv,0.362443,27.644849,0.813802,3.839691
siberian_tiger,16,rgb,0.467197,30.066611,0.888269,4.215898
siberian_tiger,16,xyz,0.381868,26.882283,0.781784,6.313035
siberian_tiger,64,luv,0.518975,31.951772,0.916386,2.438227
siberian_tiger,64,rgb,0.631907,35.210717,0.961903,2.661672
siberian_tiger,64,xyz,0.554348,32.419401,0.893116,3.944289
siberian_tiger,256,luv,0.641362,35.516725,0.962025,1.591701
siberian_tiger,256,rgb,0.742800,39.144832,0.984198,1.849338
siberian_tiger,256,xyz,0.677145,36.024578,0.962828,2.916297
skiers,4,luv,0.145774,19.108156,0.597821,9.161358
skiers,4,rgb,0.195275,20.888390,0.666485,8.989524
skiers,4,xyz,0.227364,18.912839,0.671536,11.104045
skiers,16,luv,0.263724,24.181022,0.736527,5.207474
skiers,16,rgb,0.418016,26.959921,0.857133,5.396021
skiers,16,xyz,0.395859,24.832170,0.842800,6.685439
skiers,64,luv,0.455672,28.584976,0.881469,3.249379
skiers,64,rgb,0.590670,32.007691,0.942300,3.285723
skiers,64,xyz,0.561531,28.713108,0.929232,4.546340
skiers,256,luv,0.606913,32.866150,0.946844,2.049323
skiers,256,rgb,0.722263,36.428633,0.975669,2.287512
skiers,256,xyz,0.673757,32.787176,0.963309,3.036824
spices,4,luv,0.208187,19.261055,0.553767,9.848299
spices,4,rgb,0.301954,21.240956,0.676001,9.548500
spices,4,xyz,0.242726,19.164412,0.584412,11.965765
spices,16,luv,0.343869,23.665115,0.718365,5.789841
spices,16,rgb,0.462567,26.725595,0.825916,6.147116
spices,16,xyz,0.433116,23.867679,0.772040,7.835166
spices,64,luv,0.481606,28.081468,0.840070,3.515245
spices,64,rgb,0.606179,31.624391,0.927878,3.838816
spices,64,xyz,0.556131,27.798100,0.855442,5.483853
spices,256,luv,0.617120,32.405923,0.927142,2.135204
spices,256,rgb,0.722732,36.117013,0.970920,2.373415
spices,256,xyz,0.670343,32.089910,0.922428,3.769878
sports_bicycles,4,luv,0.156845,16.781753,0.547530,13.253778
sports_bicycles,4,rgb,0.208778,18.206200,0.636603,12.952595
sports_bicycles,4,xyz,0.196441,16.245199,0.601615,17.404376
sports_bicycles,16,luv,0.275685,21.205242,0.720046,7.958034
sports_bicycles,16,rgb,0.366680,23.827200,0.804196,7.998038
sports_bicycles,16,xyz,0.331012,21.376554,0.767003,10.221421
sports_bicycles,64,luv,0.398053,25.208144,0.827494,5.058667
sports_bicycles,64,rgb,0.509451,28.575606,0.898897,5.231879
sports_bicycles,64,xyz,0.465336,25.864309,0.868645,6.669969
sports_bicycles,256,luv,0.528231,29.346886,0.903314,3.124470
sports_bicycles,256,rgb,0.634184,32.869967,0.949454,3.466802
sports_bicycles,256,xyz,0.586916,29.210314,0.928388,4.882351
sun_parakeet,4,luv,0.148757,20.869107,0.616732,8.710795
sun_parakeet,4,rgb,0.159841,21.198774,0.625721,8.788294
sun_parakeet,4,xyz,0.212870,18.939656,0.644039,10.907455
sun_parakeet,16,luv,0.322796,26.149011,0.775699,4.743642
sun_parakeet,16,rgb,0.455653,28.369199,0.857750,5.414918
sun_parakeet,16,xyz,0.430170,25.950333,0.828639,6.339903
sun_parakeet,64,luv,0.475564,30.237370,0.873963,2.891525
sun_parakeet,64,rgb,0.588348,33.214927,0.922901,3.113408
sun_parakeet,64,xyz,0.598743,30.016029,0.908059,4.992514
sun_parakeet,256,luv,0.608112,34.190288,0.927669,1.760663
sun_parakeet,256,rgb,0.718628,37.696291,0.962048,2.033680
sun_parakeet,256,xyz,0.704749,34.132667,0.946535,3.205998
tablet,4,luv,0.077389,18.666258,0.864765,6.468285
tablet,4,rgb,0.206077,20.862141,0.898452,6.022725
tablet,4,xyz,0.219434,19.475233,0.893941,6.787910
tablet,16,luv,0.262829,27.178536,0.913978,1.947016
tablet,16,rgb,0.316281,28.048253,0.928318,2.240847
tablet,16,xyz,0.345754,25.034829,0.917335,2.582273
tablet,64,luv,0.490740,32.854719,0.953966,0.862780
tablet,64,rgb,0.556601,35.633704,0.966527,0.847176
tablet,64,xyz,0.558158,32.596743,0.965519,0.927542
tablet,256,luv,0.645842,39.354726,0.977098,0.388469
tablet,256,rgb,0.733472,42.352348,0.986186,0.437193
tablet,256,xyz,0.707687,38.468416,0.981841,0.464002
textile_market,4,luv,0.065179,15.225347,0.307918,14.949594
textile_market,4,rgb,0.153823,17.602666,0.534915,12.023885
textile_market,4,xyz,0.101372,15.904708,0.419872,14.339095
textile_market,16,luv,0.224755,21.156960,0.641877,6.601094
textile_market,16,rgb,0.302391,23.285723,0.766267,6.242735
textile_market,16,xyz,0.250896,20.458928,0.681975,8.382303
textile_market,64,luv,0.351315,24.911371,0.788983,4.103600
textile_market,64,rgb,0.460446,28.204295,0.892052,3.785605
textile_market,64,xyz,0.373108,24.266510,0.789653,5.284236
textile_market,256,luv,0.487025,28.840592,0.887058,2.516012
textile_market,256,rgb,0.594257,32.442368,0.950180,2.392451
textile_market,256,xyz,0.497784,27.851509,0.877848,3.535718
trade_fair_tower,4,luv,0.125442,21.665473,0.754851,6.293693
trade_fair_tower,4,rgb,0.177167,23.345088,0.806933,5.937783
trade_fair_tower,4,xyz,0.168868,20.996089,0.776682,7.055281
trade_fair_tower,16,luv,0.288299,27.553492,0.849550,2.930092
trade_fair_tower,16,rgb,0.406836,30.382770,0.901856,2.934592
trade_fair_tower,16,xyz,0.391670,27.288780,0.878863,3.563667
trade_fair_tower,64,luv,0.499562,34.153897,0.927221,1.497932
trade_fair_tower,64,rgb,0.610954,36.607907,0.956096,1.514911
trade_fair_tower,64,xyz,0.563302,32.990673,0.936749,1.941925
trade_fair_tower,256,luv,0.667921,39.047910,0.965788,0.881520
trade_fair_tower,256,rgb,0.766206,42.119287,0.981544,0.931360
trade_fair_tower,256,xyz,0.723110,37.957138,0.971602,1.203101
traffic,4,luv,0.240145,18.836215,0.671350,11.053217
traffic,4,rgb,0.239874,19.319397,0.663050,11.151627
traffic,4,xyz,0.219500,17.757058,0.599390,13.310344
traffic,16,luv,0.359627,23.554584,0.803893,5.890467
traffic,16,rgb,0.474003,25.960407,0.882036,6.635055
traffic,16,xyz,0.404240,22.872283,0.821899,8.376708
traffic,64,luv,0.505161,28.116681,0.898962,3.594706
traffic,64,rgb,0.600342,31.148847,0.942236,3.890797
traffic,64,xyz,0.545710,27.705494,0.916180,5.408820
traffic,256,luv,0.630925,32.215433,0.951701,2.309522
traffic,256,rgb,0.727537,35.773222,0.977496,2.633987
traffic,256,xyz,0.665497,31.035688,0.956367,3.763193
tulip_field,4,luv,0.095797,15.625277,0.437484,12.537734
tulip_field,4,rgb,0.131098,16.461577,0.482833,13.586439
tulip_field,4,xyz,0.120203,14.926258,0.458531,18.497808
tulip_field,16,luv,0.232063,20.519874,0.665807,6.792714
tulip_field,16,rgb,0.325359,23.119650,0.780590,6.807338
tulip_field,16,xyz,0.255292,19.806830,0.682818,9.423897
tulip_field,64,luv,0.374243,24.741217,0.809369,3.934509
tulip_field,64,rgb,0.487810,28.222369,0.893593,4.045639
tulip_field,64,xyz,0.415228,24.369930,0.831425,5.139528
tulip_field,256,luv,0.508451,28.439874,0.894475,2.405698
tulip_field,256,rgb,0.629107,32.788603,0.953615,2.526499
tulip_field,256,xyz,0.539092,28.237213,0.904935,3.457812
umbrellas,4,luv,0.137251,15.826589,0.497522,13.940203
umbrellas,4,rgb,0.205396,17.099830,0.613334,13.680860
umbrellas,4,xyz,0.155198,16.078945,0.504948,15.545190
umbrellas,16,luv,0.256910,20.962967,0.689682,7.489976
umbrellas,16,rgb,0.360565,24.146065,0.801515,8.030803
umbrellas,16,xyz,0.330191,21.866843,0.757692,8.973095
umbrellas,64,luv,0.408378,26.345967,0.835398,4.167681
umbrellas,64,rgb,0.505913,29.240501,0.898488,4.616031
umbrellas,64,xyz,0.453706,25.274560,0.853260,6.502837
umbrellas,256,luv,0.542803,30.207169,0.910657,2.498713
umbrellas,256,rgb,0.645460,33.866918,0.953723,2.869386
umbrellas,256,xyz,0.589387,29.554143,0.923456,4.465987
veggie_pizza,4,luv,0.086656,19.359062,0.662503,7.013004
veggie_pizza,4,rgb,0.160426,21.137197,0.703007,7.134007
veggie_pizza,4,xyz,0.178704,20.240029,0.696749,7.119433
veggie_pizza,16,luv,0.268077,24.792358,0.764487,3.801883
veggie_pizza,16,rgb,0.337699,27.531269,0.829011,3.654406
veggie_pizza,16,xyz,0.405807,25.450467,0.865780,4.063004
veggie_pizza,64,luv,0.436707,29.035247,0.887812,2.300280
veggie_pizza,64,rgb,0.567556,32.725287,0.938440,2.394368
veggie_pizza,64,xyz,0.593737,29.127282,0.936183,2.928914
veggie_pizza,256,luv,0.582112,32.993411,0.941679,1.385196
veggie_pizza,256,rgb,0.721350,37.279324,0.976413,1.682417
veggie_pizza,256,xyz,0.693623,33.185937,0.966874,1.971678
veggies,4,luv,0.160313,16.772225,0.566508,14.717601
veggies,4,rgb,0.230664,17.768198,0.648592,13.995181
veggies,4,xyz,0.191806,16.964492,0.578879,13.740281
veggies,16,luv,0.240832,21.416895,0.684011,6.943581
veggies,16,rgb,0.355283,24.295625,0.781213,7.674539
veggies,16,xyz,0.338159,22.289485,0.744733,9.170728
veggies,64,luv,0.403572,26.432764,0.809942,3.463442
veggies,64,rgb,0.513145,29.908747,0.889358,3.505872
veggies,64,xyz,0.462576,26.221265,0.834357,6.155866
veggies,256,luv,0.556705,31.071104,0.894867,1.997005
veggies,256,rgb,0.669385,35.080498,0.953946,2.045487
veggies,256,xyz,0.601634,30.665094,0.905616,3.348006
venetian_lagoon,4,luv,0.158112,18.043925,0.674688,11.024859
venetian_lagoon,4,rgb,0.231281,19.592147,0.746748,11.298088
venetian_lagoon,4,xyz,0.214495,18.199648,0.724932,12.105664
venetian_lagoon,16,luv,0.328158,24.295792,0.836263,5.563938
venetian_lagoon,16,rgb,0.403439,26.452600,0.875411,5.478921
venetian_lagoon,16,xyz,0.376202,24.051976,0.843734,6.879867
venetian_lagoon,64,luv,0.467679,29.436284,0.903982,2.937746
venetian_lagoon,64,rgb,0.563013,32.337816,0.938162,3.328581
venetian_lagoon,64,xyz,0.517802,28.522702,0.906179,4.284491
venetian_lagoon,256,luv,0.595100,33.467989,0.945033,1.837344
venetian_lagoon,256,rgb,0.698011,36.924006,0.970636,2.162884
venetian_lagoon,256,xyz,0.639547,32.989029,0.953415,2.971063
vintage_cars,4,luv,0.137600,15.403773,0.458093,13.427759
vintage_cars,4,rgb,0.183324,17.962890,0.566115,15.085114
vintage_cars,4,xyz,0.222691,16.300348,0.587346,17.131334
vintage_cars,16,luv,0.276628,21.731443,0.692977,6.659629
vintage_cars,16,rgb,0.371459,24.458493,0.783656,7.012545
vintage_cars,16,xyz,0.343221,21.764703,0.736153,8.960168
vintage_cars,64,luv,0.433394,26.974462,0.840623,3.705252
vintage_cars,64,rgb,0.544537,30.151710,0.907509,4.024177
vintage_cars,64,xyz,0.495069,26.852044,0.861004,5.152848
vintage_cars,256,luv,0.581138,31.460422,0.921486,2.235398
vintage_cars,256,rgb,0.687507,34.815149,0.959546,2.509187
vintage_cars,256,xyz,0.645134,31.182450,0.934259,3.399127
wooden_toys,4,luv,0.093082,17.069612,0.689707,9.736963
wooden_toys,4,rgb,0.198198,19.985470,0.755918,8.463179
wooden_toys,4,xyz,0.208880,18.359928,0.725134,8.836691
wooden_toys,16,luv,0.237847,24.296822,0.769087,4.817486
wooden_toys,16,rgb,0.331790,26.615970,0.825284,4.942970
wooden_toys,16,xyz,0.336430,23.090459,0.803115,5.852027
wooden_toys,64,luv,0.399976,29.702481,0.851681,2.555369
wooden_toys,64,rgb,0.525422,32.852305,0.912552,2.685316
wooden_toys,64,xyz,0.512377,28.117949,0.892654,3.659917
wooden_toys,256,luv,0.564279,34.627577,0.922743,1.477895
wooden_toys,256,rgb,0.699582,38.160069,0.965486,1.666129
wooden_toys,256,xyz,0.671998,33.825154,0.949042,2.106543
wool_carder_bee,4,luv,0.079350,17.652350,0.481491,12.207630
wool_carder_bee,4,rgb,0.135196,19.406354,0.578145,13.271628
wool_carder_bee,4,xyz,0.136825,17.851353,0.548047,15.155365
wool_carder_bee,16,luv,0.204826,22.268172,0.652874,6.528587
wool_carder_bee,16,rgb,0.282896,25.225922,0.742685,7.171617
wool_carder_bee,16,xyz,0.266161,21.827593,0.670799,10.246264
wool_carder_bee,64,luv,0.342221,26.464269,0.765931,3.819354
wool_carder_bee,64,rgb,0.419739,29.935108,0.840777,3.963909
wool_carder_bee,64,xyz,0.391717,26.213979,0.781301,6.220944
wool_carder_bee,256,luv,0.471794,30.266980,0.846594,2.264385
wool_carder_bee,256,rgb,0.569248,34.448884,0.915520,2.370394
wool_carder_bee,256,xyz,0.508193,30.349414,0.861545,3.775752
yasaka_pagoda,4,luv,0.242994,20.613380,0.736246,7.784643
yasaka_pagoda,4,rgb,0.270452,22.813448,0.745410,7.619144
yasaka_pagoda,4,xyz,0.238914,21.654864,0.702251,8.224726
yasaka_pagoda,16,luv,0.405701,27.233834,0.852088,3.942012
yasaka_pagoda,16,rgb,0.500991,29.684361,0.891352,3.960616
yasaka_pagoda,16,xyz,0.469594,27.735572,0.875631,4.832439
yasaka_pagoda,64,luv,0.578493,32.830138,0.923294,2.281931
yasaka_pagoda,64,rgb,0.674967,35.318790,0.953303,2.379734
yasaka_pagoda,64,xyz,0.635488,32.576660,0.945219,3.251103
yasaka_pagoda,256,luv,0.718175,37.318581,0.965578,1.456499
yasaka_pagoda,256,rgb,0.812084,40.407116,0.983647,1.614670
yasaka_pagoda,256,xyz,0.771074,37.470905,0.978168,2.084558
