image,k,space,vifp,psnr,ssim,dE00,lpips_alex,lpips_vgg
adirondack_chairs,4,luv,0.119230,13.069960,0.366048,19.114746,0.455563,0.591981
adirondack_chairs,4,rgb,0.216590,17.195293,0.571322,17.657647,0.375291,0.537831
adirondack_chairs,4,xyz,0.192278,15.252169,0.506708,19.268433,0.432666,0.581143
adirondack_chairs,16,luv,0.273300,20.928022,0.664848,8.358550,0.188921,0.339989
adirondack_chairs,16,rgb,0.351492,22.812427,0.768678,9.266174,0.142565,0.286699
adirondack_chairs,16,xyz,0.306234,19.868414,0.679416,12.284262,0.224257,0.367845
adirondack_chairs,64,luv,0.422026,25.732483,0.819425,4.490476,0.074851,0.179474
adirondack_chairs,64,rgb,0.506027,28.535619,0.891162,4.650971,0.045350,0.133276
adirondack_chairs,64,xyz,0.430333,24.314783,0.799604,7.790760,0.098007,0.204932
adirondack_chairs,256,luv,0.558739,30.091095,0.903894,2.649819,0.031971,0.095204
adirondack_chairs,256,rgb,0.646589,33.433964,0.955078,2.675387,0.014313,0.061673
adirondack_chairs,256,xyz,0.559998,28.709604,0.881970,4.701621,0.041910,0.099953
astro_bodies,4,luv,0.237618,17.954614,0.468454,8.755046,0.282998,0.411555
astro_bodies,4,rgb,0.285072,19.696248,0.551601,7.867047,0.276728,0.384332
astro_bodies,4,xyz,0.232721,16.579310,0.459521,13.998051,0.349110,0.499889
astro_bodies,16,luv,0.394708,24.821122,0.731803,3.694307,0.124202,0.262650
astro_bodies,16,rgb,0.486301,27.540569,0.855977,3.708663,0.112309,0.253304
astro_bodies,16,xyz,0.436755,24.153263,0.610135,5.101316,0.135581,0.282282
astro_bodies,64,luv,0.558271,30.725296,0.890014,1.821562,0.061611,0.176554
astro_bodies,64,rgb,0.640478,33.777543,0.928482,1.796181,0.044193,0.150790
astro_bodies,64,xyz,0.620335,30.014033,0.880590,2.370036,0.050930,0.147253
astro_bodies,256,luv,0.736092,36.712437,0.957030,0.880137,0.022401,0.096128
astro_bodies,256,rgb,0.801531,39.748958,0.975998,0.901660,0.012967,0.068319
astro_bodies,256,xyz,0.758100,34.846960,0.957639,1.295905,0.014417,0.068354
astronaut,4,luv,0.179540,21.066343,0.705330,6.401041,0.358258,0.540372
astronaut,4,rgb,0.237395,22.536259,0.724203,6.141760,0.350669,0.534302
astronaut,4,xyz,0.236095,20.299079,0.664559,8.278197,0.414303,0.560385
astronaut,16,luv,0.397594,28.379435,0.826322,2.857766,0.173863,0.430215
astronaut,16,rgb,0.446149,30.234430,0.849051,2.891023,0.177800,0.410257
astronaut,16,xyz,0.471163,27.405522,0.837748,3.706018,0.186837,0.399167
astronaut,64,luv,0.600631,34.307574,0.929929,1.494815,0.057641,0.243308
astronaut,64,rgb,0.705177,36.890049,0.957338,1.544850,0.033348,0.156184
astronaut,64,xyz,0.684055,33.700814,0.941295,2.089860,0.066765,0.186921
astronaut,256,luv,0.761104,39.201919,0.974148,0.897562,0.012809,0.075669
astronaut,256,rgb,0.845533,42.454769,0.988234,0.931120,0.004311,0.029117
astronaut,256,xyz,0.812216,38.361395,0.976916,1.289358,0.016589,0.077568
balinese_dancer,4,luv,0.189292,21.357515,0.492479,7.058203,0.203382,0.364524
balinese_dancer,4,rgb,0.222676,22.449083,0.722417,5.942464,0.209215,0.345304
balinese_dancer,4,xyz,0.207671,19.708274,0.445638,11.710175,0.284845,0.483126
balinese_dancer,16,luv,0.289760,25.130343,0.826048,3.485579,0.109907,0.263135
balinese_dancer,16,rgb,0.367857,28.428750,0.870130,3.415931,0.076595,0.242738
balinese_dancer,16,xyz,0.331139,24.686655,0.692485,5.243928,0.147082,0.289338
balinese_dancer,64,luv,0.421714,30.037194,0.888797,2.131613,0.051755,0.191814
balinese_dancer,64,rgb,0.514030,33.471087,0.930210,2.156997,0.036121,0.173070
balinese_dancer,64,xyz,0.443353,29.475593,0.883590,3.216934,0.060265,0.198910
balinese_dancer,256,luv,0.551821,34.185210,0.938993,1.438426,0.023686,0.135176
balinese_dancer,256,rgb,0.664110,37.995481,0.974428,1.229613,0.008657,0.057001
balinese_dancer,256,xyz,0.557861,33.594132,0.921206,2.039337,0.027584,0.133867
ball_caps,4,luv,0.114606,19.526167,0.715427,8.781310,0.423363,0.574140
ball_caps,4,rgb,0.188862,20.967730,0.771470,10.502317,0.422394,0.578169
ball_caps,4,xyz,0.207585,19.654705,0.756194,10.953058,0.469923,0.600171
ball_caps,16,luv,0.235291,26.045562,0.786659,4.097676,0.308398,0.481185
ball_caps,16,rgb,0.317906,27.996774,0.835598,4.696314,0.264182,0.442880
ball_caps,16,xyz,0.317869,25.933551,0.810994,5.318161,0.293123,0.449304
ball_caps,64,luv,0.396616,31.532904,0.876665,2.126385,0.172586,0.358104
ball_caps,64,rgb,0.525932,34.279946,0.919602,2.159817,0.122233,0.298185
ball_caps,64,xyz,0.525368,31.226343,0.908431,3.100403,0.125289,0.292563
ball_caps,256,luv,0.584873,36.376590,0.941127,1.197538,0.063170,0.204455
ball_caps,256,rgb,0.710897,39.943987,0.969907,1.313032,0.022358,0.100765
ball_caps,256,xyz,0.690681,36.998549,0.959075,1.685510,0.030324,0.105508
birthday_baloons,4,luv,0.079732,16.463454,0.774950,11.550163,0.314707,0.374301
birthday_baloons,4,rgb,0.112457,16.374944,0.780574,11.406289,0.316240,0.378398
birthday_baloons,4,xyz,0.113200,15.334156,0.761455,13.347514,0.367916,0.434908
birthday_baloons,16,luv,0.200673,22.773175,0.827349,3.971135,0.167471,0.249637
birthday_baloons,16,rgb,0.249679,25.646859,0.861220,3.785189,0.168545,0.243890
birthday_baloons,16,xyz,0.235050,22.315497,0.812749,4.799945,0.201042,0.275172
birthday_baloons,64,luv,0.340875,28.617121,0.869309,1.811432,0.135618,0.221108
birthday_baloons,64,rgb,0.405110,31.912529,0.911007,1.817859,0.106540,0.207570
birthday_baloons,64,xyz,0.386279,28.139501,0.870001,2.248715,0.110813,0.211474
birthday_baloons,256,luv,0.495846,33.817314,0.919871,0.921306,0.073759,0.177318
birthday_baloons,256,rgb,0.574537,37.446581,0.951485,0.997334,0.045574,0.161696
birthday_baloons,256,xyz,0.534974,33.266285,0.924597,1.214729,0.044016,0.138775
bosnian_pine_needle,4,luv,0.192881,17.167353,0.684712,10.036483,0.204057,0.282317
bosnian_pine_needle,4,rgb,0.208531,19.705232,0.719041,8.857986,0.180697,0.290183
bosnian_pine_needle,4,xyz,0.148240,18.063974,0.620523,9.983667,0.336231,0.387221
bosnian_pine_needle,16,luv,0.310915,22.416249,0.810031,4.806824,0.097955,0.166658
bosnian_pine_needle,16,rgb,0.388190,25.658358,0.885137,4.621418,0.057260,0.130528
bosnian_pine_needle,16,xyz,0.308072,22.865343,0.816267,6.363215,0.110209,0.160641
bosnian_pine_needle,64,luv,0.434409,26.781807,0.898288,2.852035,0.043786,0.100797
bosnian_pine_needle,64,rgb,0.530294,30.262478,0.946651,2.929569,0.017077,0.057500
bosnian_pine_needle,64,xyz,0.448553,27.035024,0.908884,3.990032,0.037875,0.068551
bosnian_pine_needle,256,luv,0.548685,30.265567,0.941274,1.778010,0.019372,0.059239
bosnian_pine_needle,256,rgb,0.650086,34.386589,0.974588,1.883368,0.004887,0.022126
bosnian_pine_needle,256,xyz,0.551285,30.184908,0.944568,2.702289,0.017876,0.031164
buggy,4,luv,0.147118,20.334632,0.702808,7.528206,0.320984,0.447930
buggy,4,rgb,0.188550,21.586521,0.726232,8.348249,0.317150,0.462321
buggy,4,xyz,0.144436,19.939524,0.682601,9.547540,0.366014,0.505729
buggy,16,luv,0.339650,26.880978,0.798184,3.458546,0.178413,0.332573
buggy,16,rgb,0.388246,28.486539,0.838897,3.699587,0.163358,0.328001
buggy,16,xyz,0.304371,25.981543,0.769221,4.602926,0.200726,0.388125
buggy,64,luv,0.506093,32.511338,0.873249,1.992885,0.100821,0.264334
buggy,64,rgb,0.600076,35.369197,0.920546,2.204803,0.065420,0.231497
buggy,64,xyz,0.549503,31.955341,0.881430,2.437200,0.067623,0.216067
buggy,256,luv,0.648188,36.748820,0.921417,1.234918,0.059205,0.188114
buggy,256,rgb,0.739272,40.301776,0.963646,1.485610,0.019932,0.114670
buggy,256,xyz,0.697771,35.135577,0.927052,1.675671,0.025751,0.114600
calaveras,4,luv,0.130679,13.467592,0.351270,19.200527,0.362279,0.506740
calaveras,4,rgb,0.174657,15.338432,0.444049,18.709924,0.323700,0.492192
calaveras,4,xyz,0.142430,13.166696,0.370511,23.403057,0.410077,0.595821
calaveras,16,luv,0.246714,18.454637,0.564386,10.116703,0.173819,0.304129
calaveras,16,rgb,0.310096,20.848572,0.659390,9.244044,0.113170,0.241813
calaveras,16,xyz,0.239175,16.768909,0.526132,15.542917,0.217840,0.376015
calaveras,64,luv,0.367002,22.661855,0.708577,5.503789,0.084478,0.172318
calaveras,64,rgb,0.455278,25.982736,0.815683,5.467059,0.035765,0.122607
calaveras,64,xyz,0.370428,21.132383,0.684357,8.355700,0.088453,0.184904
calaveras,256,luv,0.501128,26.890948,0.819122,3.159459,0.033601,0.092524
calaveras,256,rgb,0.601723,30.853802,0.918682,3.122549,0.008760,0.052945
calaveras,256,xyz,0.481574,24.364711,0.774433,5.254179,0.042201,0.103706
carrots,4,luv,0.218173,17.771679,0.569222,9.933001,0.334710,0.498533
carrots,4,rgb,0.317316,20.052801,0.757757,9.905575,0.254841,0.423402
carrots,4,xyz,0.274397,18.792954,0.626954,10.881325,0.355826,0.495576
carrots,16,luv,0.371836,23.364873,0.821379,5.215190,0.100194,0.251768
carrots,16,rgb,0.492881,26.041442,0.905904,6.096972,0.076668,0.184720
carrots,16,xyz,0.443007,23.463326,0.854942,7.385939,0.149674,0.280781
carrots,64,luv,0.519158,27.916026,0.919630,3.064132,0.039273,0.128874
carrots,64,rgb,0.632589,31.697402,0.959722,3.272154,0.022525,0.076058
carrots,64,xyz,0.580667,27.943824,0.934211,4.657903,0.049954,0.103826
carrots,256,luv,0.647578,32.119261,0.962519,1.871830,0.013991,0.060846
carrots,256,rgb,0.747741,36.269637,0.983044,2.059601,0.007185,0.032343
carrots,256,xyz,0.683086,32.135448,0.969683,3.010985,0.019924,0.042551
chalk_pastels,4,luv,0.065328,17.822407,0.400123,9.343186,0.558623,0.650612
chalk_pastels,4,rgb,0.209558,19.830476,0.613716,9.347555,0.332534,0.505649
chalk_pastels,4,xyz,0.151985,18.262497,0.541103,8.932822,0.397601,0.565077
chalk_pastels,16,luv,0.272825,24.017359,0.711778,4.748173,0.170906,0.386674
chalk_pastels,16,rgb,0.380897,26.093226,0.817402,4.930851,0.096261,0.268099
chalk_pastels,16,xyz,0.393062,21.863342,0.806588,6.019014,0.121011,0.246959
chalk_pastels,64,luv,0.461845,29.665045,0.865265,2.432762,0.045709,0.155554
chalk_pastels,64,rgb,0.553012,32.436443,0.913778,2.513828,0.027411,0.102325
chalk_pastels,64,xyz,0.531747,28.063750,0.878353,3.245343,0.042789,0.117178
chalk_pastels,256,luv,0.619592,34.159554,0.931853,1.483272,0.016053,0.062348
chalk_pastels,256,rgb,0.717335,37.461151,0.966132,1.561465,0.007179,0.035155
chalk_pastels,256,xyz,0.678259,32.963193,0.934245,2.091250,0.013479,0.042537
chicken_dish,4,luv,0.127970,17.396322,0.429150,12.431620,0.476989,0.616773
chicken_dish,4,rgb,0.232618,19.517782,0.587752,13.267707,0.407960,0.597828
chicken_dish,4,xyz,0.229248,18.227346,0.561209,13.735613,0.492117,0.629378
chicken_dish,16,luv,0.267390,22.459559,0.637906,6.094137,0.205916,0.455381
chicken_dish,16,rgb,0.348181,25.251535,0.740240,5.937932,0.163404,0.399795
chicken_dish,16,xyz,0.362328,21.405851,0.706140,10.445749,0.273759,0.435615
chicken_dish,64,luv,0.397738,26.384448,0.767789,3.528339,0.097467,0.278871
chicken_dish,64,rgb,0.510848,30.319404,0.865406,3.553469,0.054322,0.197178
chicken_dish,64,xyz,0.458915,26.692216,0.795713,5.125239,0.088097,0.207097
chicken_dish,256,luv,0.529184,30.017621,0.849096,2.084458,0.041240,0.123572
chicken_dish,256,rgb,0.653009,34.906390,0.940710,2.213245,0.017558,0.066604
chicken_dish,256,xyz,0.564167,30.305541,0.860026,3.400962,0.037521,0.092602
chili_peppers,4,luv,0.129092,15.045271,0.434317,16.523893,0.373734,0.561470
chili_peppers,4,rgb,0.161177,16.766490,0.513541,16.831417,0.322831,0.562209
chili_peppers,4,xyz,0.182775,15.374192,0.544043,18.352935,0.402254,0.598888
chili_peppers,16,luv,0.221117,19.475215,0.602781,8.944337,0.190780,0.377256
chili_peppers,16,rgb,0.322897,22.372328,0.758907,9.977184,0.132674,0.287833
chili_peppers,16,xyz,0.276566,18.787433,0.683849,14.485004,0.235333,0.379134
chili_peppers,64,luv,0.360944,23.940777,0.770904,5.138466,0.092499,0.214958
chili_peppers,64,rgb,0.466125,27.402547,0.879161,5.393475,0.047987,0.142475
chili_peppers,64,xyz,0.387282,22.927292,0.797258,8.850011,0.093035,0.179406
chili_peppers,256,luv,0.498449,28.140107,0.873232,3.058532,0.041055,0.118134
chili_peppers,256,rgb,0.615652,32.162633,0.951626,3.386837,0.015302,0.064663
chili_peppers,256,xyz,0.522983,27.300259,0.887511,5.312569,0.029990,0.072763
clownfish,4,luv,0.143894,17.576703,0.491060,12.294001,0.448253,0.573732
clownfish,4,rgb,0.215194,19.140699,0.609468,12.595163,0.390931,0.543066
clownfish,4,xyz,0.195628,17.636325,0.563406,14.179181,0.451475,0.606381
clownfish,16,luv,0.250003,23.557200,0.657638,6.429359,0.280592,0.442137
clownfish,16,rgb,0.365916,26.332244,0.787066,6.508523,0.216015,0.384748
clownfish,16,xyz,0.351022,23.913063,0.712020,8.839114,0.239840,0.422368
clownfish,64,luv,0.383985,27.973597,0.790780,3.837342,0.164960,0.319890
clownfish,64,rgb,0.506114,30.906327,0.882278,4.418480,0.103595,0.235924
clownfish,64,xyz,0.476174,28.228821,0.815846,5.823798,0.128019,0.259441
clownfish,256,luv,0.520082,31.876450,0.879977,2.453017,0.089866,0.204282
clownfish,256,rgb,0.633026,35.124445,0.938716,2.727307,0.033478,0.108613
clownfish,256,xyz,0.590292,31.667316,0.893460,4.180729,0.059582,0.137535
color_chart,4,luv,0.070911,10.673948,0.460079,21.192823,0.619802,0.580634
color_chart,4,rgb,0.192451,13.023124,0.538050,23.637313,0.517914,0.517365
color_chart,4,xyz,0.230521,11.445760,0.589580,23.622313,0.472373,0.459371
color_chart,16,luv,0.244214,15.267184,0.594555,11.255662,0.336688,0.300861
color_chart,16,rgb,0.323150,17.892768,0.678853,13.298401,0.288847,0.265218
color_chart,16,xyz,0.362752,13.947682,0.655717,16.648008,0.332327,0.295245
color_chart,64,luv,0.356315,18.051249,0.672598,6.488899,0.191671,0.129146
color_chart,64,rgb,0.482091,24.051763,0.842468,6.457258,0.119063,0.110577
color_chart,64,xyz,0.439858,17.481503,0.704806,9.561381,0.203484,0.161411
color_chart,256,luv,0.615702,32.225182,0.889757,1.020341,0.027497,0.029590
color_chart,256,rgb,0.677616,35.196980,0.944390,0.981647,0.011291,0.018403
color_chart,256,xyz,0.622840,27.594741,0.844956,1.701486,0.035970,0.035116
color_checker,4,luv,0.399124,14.498964,0.828388,14.289867,0.185461,0.350244
color_checker,4,rgb,0.407170,16.457484,0.831323,14.873635,0.195531,0.361976
color_checker,4,xyz,0.343521,15.213525,0.772792,17.453949,0.262384,0.407022
color_checker,16,luv,0.480095,24.115302,0.906631,3.584189,0.041173,0.186577
color_checker,16,rgb,0.553364,26.432849,0.935196,3.838462,0.033646,0.152896
color_checker,16,xyz,0.492119,23.541724,0.905384,4.990710,0.072997,0.213732
color_checker,64,luv,0.681677,34.705148,0.962994,1.072553,0.012238,0.106873
color_checker,64,rgb,0.730109,37.180384,0.976426,1.022341,0.008708,0.097554
color_checker,64,xyz,0.658835,33.373049,0.951878,1.316831,0.014066,0.120752
color_checker,256,luv,0.820380,41.077321,0.983239,0.552186,0.004002,0.062514
color_checker,256,rgb,0.864417,43.991794,0.989972,0.600093,0.002257,0.044628
color_checker,256,xyz,0.791178,38.308841,0.977720,0.863312,0.003866,0.049598
coloring_pencils,4,luv,0.143924,17.041908,0.614851,12.667372,0.404657,0.561552
coloring_pencils,4,rgb,0.162868,17.775630,0.642342,16.145192,0.449722,0.622884
coloring_pencils,4,xyz,0.153804,15.017182,0.603095,17.614820,0.529733,0.676415
coloring_pencils,16,luv,0.241344,22.822208,0.711202,5.776365,0.193367,0.404550
coloring_pencils,16,rgb,0.305728,25.065085,0.766691,5.948771,0.181222,0.388016
coloring_pencils,16,xyz,0.247561,21.128950,0.687290,9.373466,0.255531,0.459097
coloring_pencils,64,luv,0.398243,29.088641,0.826875,2.892719,0.075193,0.284392
coloring_pencils,64,rgb,0.472270,32.176461,0.885512,3.049667,0.056118,0.251617
coloring_pencils,64,xyz,0.402115,26.682359,0.782197,5.081369,0.115997,0.302792
coloring_pencils,256,luv,0.550586,34.151922,0.907533,1.487063,0.029719,0.170060
coloring_pencils,256,rgb,0.640680,37.188626,0.948929,1.681454,0.012896,0.102158
coloring_pencils,256,xyz,0.564593,32.190279,0.883496,2.902354,0.035283,0.130747
columbia_crew,4,luv,0.141385,17.418002,0.515728,10.441573,0.298143,0.497113
columbia_crew,4,rgb,0.206211,18.502894,0.621515,9.638662,0.256122,0.477254
columbia_crew,4,xyz,0.169666,17.182458,0.555069,13.551626,0.344709,0.550176
columbia_crew,16,luv,0.354521,25.379082,0.789047,4.681271,0.102545,0.324589
columbia_crew,16,rgb,0.411688,27.136781,0.827370,4.242576,0.110962,0.322767
columbia_crew,16,xyz,0.348028,23.729902,0.739992,6.687930,0.149955,0.363686
columbia_crew,64,luv,0.515570,30.441083,0.881668,2.491727,0.066139,0.196830
columbia_crew,64,rgb,0.595645,33.028480,0.931309,2.334431,0.035179,0.148018
columbia_crew,64,xyz,0.541428,29.944788,0.874179,3.291845,0.047316,0.163533
columbia_crew,256,luv,0.654549,34.733095,0.945122,1.545740,0.028050,0.117048
columbia_crew,256,rgb,0.737899,37.966536,0.971223,1.492171,0.010350,0.070415
columbia_crew,256,xyz,0.665017,34.265921,0.940990,2.025985,0.014600,0.072282
common_jezebel,4,luv,0.139043,18.188569,0.666807,7.423722,0.346550,0.439784
common_jezebel,4,rgb,0.180027,20.111104,0.683878,8.187086,0.387444,0.474952
common_jezebel,4,xyz,0.186088,18.812989,0.655845,9.508512,0.438514,0.504567
common_jezebel,16,luv,0.294265,25.428161,0.757034,3.637957,0.271733,0.388822
common_jezebel,16,rgb,0.387763,28.061239,0.834469,3.534943,0.214281,0.358806
common_jezebel,16,xyz,0.366251,25.888217,0.803207,4.312722,0.233857,0.374725
common_jezebel,64,luv,0.434740,30.226402,0.849110,2.111505,0.188648,0.310575
common_jezebel,64,rgb,0.546366,33.208671,0.916193,2.094792,0.109113,0.230516
common_jezebel,64,xyz,0.513486,29.632937,0.891386,2.728895,0.094211,0.221572
common_jezebel,256,luv,0.579335,34.127280,0.917870,1.312752,0.103861,0.217889
common_jezebel,256,rgb,0.690631,37.772775,0.962189,1.349050,0.034981,0.119882
common_jezebel,256,xyz,0.622485,33.116973,0.929428,1.769024,0.037475,0.109626
common_lantanas,4,luv,0.158015,19.615627,0.710479,10.767565,0.282961,0.464456
common_lantanas,4,rgb,0.208268,20.860206,0.742590,11.140175,0.283408,0.470617
common_lantanas,4,xyz,0.233560,18.538522,0.703542,14.975919,0.373548,0.537513
common_lantanas,16,luv,0.260776,24.118536,0.779127,5.228335,0.234425,0.430833
common_lantanas,16,rgb,0.347162,26.670651,0.825952,5.938006,0.234740,0.435762
common_lantanas,16,xyz,0.337364,24.157802,0.808482,8.360440,0.248090,0.410938
common_lantanas,64,luv,0.392508,28.325616,0.846236,3.084810,0.155793,0.358777
common_lantanas,64,rgb,0.495905,31.551115,0.895872,3.294278,0.145287,0.327713
common_lantanas,64,xyz,0.446766,27.631594,0.866948,5.316338,0.192041,0.338558
common_lantanas,256,luv,0.516552,32.159300,0.899272,1.905711,0.096844,0.258846
common_lantanas,256,rgb,0.624321,35.898255,0.944605,2.001105,0.040008,0.205622
common_lantanas,256,xyz,0.554713,30.929198,0.907542,3.839165,0.102248,0.264774
cosmic_vista,4,luv,0.145103,17.387314,0.496968,12.046647,0.456951,0.489316
cosmic_vista,4,rgb,0.196918,19.914644,0.614109,12.145288,0.415024,0.486336
cosmic_vista,4,xyz,0.175341,18.661868,0.544255,13.683851,0.427190,0.507162
cosmic_vista,16,luv,0.302824,23.715918,0.741704,6.670577,0.171397,0.333453
cosmic_vista,16,rgb,0.361854,25.643715,0.807057,6.915036,0.121869,0.287190
cosmic_vista,16,xyz,0.333604,23.301453,0.756400,9.139920,0.202076,0.341928
cosmic_vista,64,luv,0.431127,27.806708,0.856702,4.111337,0.070915,0.177755
cosmic_vista,64,rgb,0.529809,30.526374,0.914725,4.358740,0.033699,0.098822
cosmic_vista,64,xyz,0.473170,27.356889,0.869123,6.253085,0.077173,0.159842
cosmic_vista,256,luv,0.575646,31.949064,0.932591,2.625451,0.025293,0.078372
cosmic_vista,256,rgb,0.672563,34.990635,0.963511,2.829828,0.010490,0.036158
cosmic_vista,256,xyz,0.603593,30.820106,0.932914,4.473819,0.037724,0.076921
craft_cards,4,luv,0.282849,18.414443,0.549062,9.566290,0.157115,0.416220
craft_cards,4,rgb,0.286248,19.036231,0.563999,10.930762,0.202970,0.424001
craft_cards,4,xyz,0.276251,18.028984,0.567736,12.156607,0.220808,0.462523
craft_cards,16,luv,0.404644,30.466233,0.789758,1.792262,0.055834,0.300309
craft_cards,16,rgb,0.437953,32.056660,0.900593,1.557380,0.046821,0.288684
craft_cards,16,xyz,0.398425,29.098354,0.763449,2.074529,0.040274,0.276903
craft_cards,64,luv,0.581154,35.221427,0.940293,0.816506,0.009621,0.102165
craft_cards,64,rgb,0.652566,37.994801,0.966109,0.813855,0.005668,0.084044
craft_cards,64,xyz,0.568037,33.223665,0.835271,1.220687,0.009464,0.073258
craft_cards,256,luv,0.704806,39.314577,0.970430,0.460251,0.004050,0.037167
craft_cards,256,rgb,0.801212,42.985807,0.987967,0.494761,0.001142,0.016754
craft_cards,256,xyz,0.701402,38.074366,0.970050,0.623289,0.003483,0.028275
crepe_paper,4,luv,0.074528,15.750043,0.565169,13.055659,0.515549,0.564391
crepe_paper,4,rgb,0.111524,17.667097,0.673413,14.743102,0.400670,0.549938
crepe_paper,4,xyz,0.095841,14.588247,0.482896,19.952261,0.467034,0.633368
crepe_paper,16,luv,0.259580,30.350616,0.826069,1.946417,0.153059,0.301217
crepe_paper,16,rgb,0.263562,31.625601,0.860274,2.011520,0.172631,0.347229
crepe_paper,16,xyz,0.261496,25.771398,0.731286,2.915354,0.181766,0.339416
crepe_paper,64,luv,0.555491,38.012605,0.946266,0.780497,0.018518,0.061442
crepe_paper,64,rgb,0.587751,39.995648,0.968687,0.790576,0.008488,0.046360
crepe_paper,64,xyz,0.564504,35.490628,0.931266,0.968077,0.031009,0.075585
crepe_paper,256,luv,0.770330,44.119623,0.983313,0.346833,0.002504,0.014698
crepe_paper,256,rgb,0.805888,46.541773,0.988113,0.342743,0.001026,0.008146
crepe_paper,256,xyz,0.762646,41.551493,0.975950,0.445316,0.005845,0.018275
cruise_ship,4,luv,0.124298,18.424207,0.656347,10.565011,0.404231,0.513513
cruise_ship,4,rgb,0.177869,20.222768,0.713881,10.929522,0.372337,0.503524
cruise_ship,4,xyz,0.144514,18.481807,0.677565,12.537672,0.429193,0.549572
cruise_ship,16,luv,0.271850,24.457079,0.786082,5.589271,0.254213,0.394287
cruise_ship,16,rgb,0.334312,26.438040,0.829823,5.738353,0.226831,0.374598
cruise_ship,16,xyz,0.320358,24.948271,0.810549,6.504991,0.233080,0.393707
cruise_ship,64,luv,0.425679,29.253994,0.881958,3.187641,0.140627,0.279529
cruise_ship,64,rgb,0.515281,31.992493,0.916392,3.507090,0.106732,0.241140
cruise_ship,64,xyz,0.478743,29.543561,0.899345,4.267802,0.104780,0.260452
cruise_ship,256,luv,0.569897,33.875248,0.937140,1.833688,0.070925,0.207607
cruise_ship,256,rgb,0.665442,36.947194,0.960170,2.166281,0.039360,0.168084
cruise_ship,256,xyz,0.632959,34.059699,0.953730,2.861055,0.037606,0.144921
curler,4,luv,0.174594,18.420677,0.677201,11.335546,0.390415,0.540184
curler,4,rgb,0.235765,19.473102,0.730058,11.291084,0.412422,0.553086
curler,4,xyz,0.222258,18.219113,0.694847,12.378519,0.437979,0.566408
curler,16,luv,0.305022,24.322519,0.774387,5.134831,0.265824,0.419411
curler,16,rgb,0.377235,26.547645,0.823672,5.336447,0.220383,0.402299
curler,16,xyz,0.371293,23.226780,0.800670,7.574346,0.255592,0.440254
curler,64,luv,0.444749,29.267099,0.856447,2.892226,0.165412,0.337784
curler,64,rgb,0.542805,32.145509,0.903464,2.945536,0.084902,0.290128
curler,64,xyz,0.524259,28.587011,0.883429,4.043778,0.102207,0.272938
curler,256,luv,0.596256,33.924020,0.922096,1.676401,0.079375,0.220740
curler,256,rgb,0.697363,37.394757,0.956061,1.826701,0.025669,0.142148
curler,256,xyz,0.663013,33.360954,0.938754,2.475306,0.036258,0.125930
daisy_bouquet,4,luv,0.123917,15.921508,0.372171,13.608947,0.391580,0.528219
daisy_bouquet,4,rgb,0.147529,16.644391,0.411984,13.534523,0.377831,0.522594
daisy_bouquet,4,xyz,0.174309,13.016522,0.416109,19.943024,0.428969,0.591089
daisy_bouquet,16,luv,0.260693,20.947692,0.584199,7.011737,0.198794,0.366344
daisy_bouquet,16,rgb,0.334335,23.382536,0.707618,6.936652,0.144314,0.334585
daisy_bouquet,16,xyz,0.301539,19.186800,0.581060,9.335739,0.193917,0.349433
daisy_bouquet,64,luv,0.400172,25.740656,0.741984,3.693571,0.092011,0.218373
daisy_bouquet,64,rgb,0.480818,28.546269,0.853491,3.770314,0.051961,0.165042
daisy_bouquet,64,xyz,0.436548,23.754529,0.728329,5.707327,0.080090,0.165008
daisy_bouquet,256,luv,0.539800,29.562928,0.843609,1.990377,0.040809,0.107251
daisy_bouquet,256,rgb,0.623176,33.359156,0.933690,2.155650,0.014727,0.064880
daisy_bouquet,256,xyz,0.555338,28.437372,0.825068,3.145585,0.027903,0.073934
daisy_poster,4,luv,0.289390,20.568516,0.471017,5.713679,0.158745,0.331166
daisy_poster,4,rgb,0.336340,21.971101,0.647104,5.807356,0.130897,0.309115
daisy_poster,4,xyz,0.341978,18.827618,0.376959,9.579900,0.135294,0.345109
daisy_poster,16,luv,0.431839,26.546093,0.796478,2.651087,0.043906,0.176225
daisy_poster,16,rgb,0.520888,28.490390,0.894996,3.135376,0.026771,0.119109
daisy_poster,16,xyz,0.483740,26.380164,0.694246,3.477297,0.035439,0.112808
daisy_poster,64,luv,0.583173,31.350732,0.924157,1.363706,0.013559,0.069153
daisy_poster,64,rgb,0.670907,34.391565,0.959229,1.546913,0.006461,0.039779
daisy_poster,64,xyz,0.589726,30.500581,0.863602,2.151196,0.013051,0.048958
daisy_poster,256,luv,0.707927,35.961484,0.957225,0.765824,0.003965,0.026355
daisy_poster,256,rgb,0.793709,39.290427,0.982983,0.857329,0.001495,0.010953
daisy_poster,256,xyz,0.717665,34.827682,0.945154,1.275056,0.004384,0.014583
easter_egg_basket,4,luv,0.076266,16.172879,0.478136,13.149310,0.511985,0.594874
easter_egg_basket,4,rgb,0.155866,18.377365,0.612034,13.446289,0.503737,0.608275
easter_egg_basket,4,xyz,0.114118,16.822589,0.524655,15.822338,0.571598,0.664997
easter_egg_basket,16,luv,0.195003,21.608720,0.645489,6.722912,0.377320,0.486763
easter_egg_basket,16,rgb,0.289117,24.080008,0.727709,7.601333,0.355012,0.466199
easter_egg_basket,16,xyz,0.282959,21.550365,0.697739,9.565199,0.373770,0.508839
easter_egg_basket,64,luv,0.338882,25.616169,0.758251,3.982732,0.267937,0.385723
easter_egg_basket,64,rgb,0.453016,29.134986,0.852625,4.220636,0.178739,0.319558
easter_egg_basket,64,xyz,0.402983,25.835034,0.805376,6.142175,0.199492,0.336818
easter_egg_basket,256,luv,0.480448,29.714610,0.849487,2.424174,0.184090,0.277702
easter_egg_basket,256,rgb,0.595134,33.688399,0.923746,2.631028,0.073206,0.180886
easter_egg_basket,256,xyz,0.528524,29.620873,0.882714,3.968343,0.073616,0.145523
easter_eggs,4,luv,0.048677,12.538018,0.606289,18.023098,0.488700,0.558121
easter_eggs,4,rgb,0.096234,15.824811,0.635690,16.703967,0.489043,0.613453
easter_eggs,4,xyz,0.103673,13.289217,0.598569,20.737748,0.595913,0.721261
easter_eggs,16,luv,0.161659,21.386240,0.652968,6.584617,0.403918,0.507166
easter_eggs,16,rgb,0.191599,23.630432,0.694821,6.371814,0.381705,0.498494
easter_eggs,16,xyz,0.202091,20.001849,0.648680,9.292668,0.409313,0.537365
easter_eggs,64,luv,0.288604,26.894127,0.726561,3.253893,0.244307,0.434778
easter_eggs,64,rgb,0.345461,29.765673,0.796131,3.182111,0.201245,0.414834
easter_eggs,64,xyz,0.367087,26.237365,0.753801,4.347124,0.181598,0.393526
easter_eggs,256,luv,0.440218,31.400470,0.823339,1.679285,0.118398,0.323038
easter_eggs,256,rgb,0.521327,35.288249,0.897044,1.742005,0.062378,0.276826
easter_eggs,256,xyz,0.522905,29.760900,0.828455,2.559191,0.077410,0.228170
eastern_rosella,4,luv,0.084696,17.666670,0.608184,10.128465,0.497345,0.552149
eastern_rosella,4,rgb,0.214061,20.321918,0.777052,9.843553,0.456515,0.507068
eastern_rosella,4,xyz,0.176964,18.923815,0.737694,12.082532,0.480432,0.535595
eastern_rosella,16,luv,0.240804,23.427547,0.783463,5.300097,0.402244,0.441175
eastern_rosella,16,rgb,0.343890,25.969241,0.845770,5.971965,0.369164,0.429833
eastern_rosella,16,xyz,0.320592,24.098852,0.832721,6.779236,0.352535,0.419406
eastern_rosella,64,luv,0.370640,27.186318,0.858354,3.345747,0.326907,0.392312
eastern_rosella,64,rgb,0.486106,30.522595,0.909478,3.810914,0.280124,0.350106
eastern_rosella,64,xyz,0.453904,27.538739,0.895898,4.759046,0.288550,0.350129
eastern_rosella,256,luv,0.496854,30.899311,0.912913,2.145934,0.243069,0.332474
eastern_rosella,256,rgb,0.616884,34.774888,0.953734,2.385831,0.148042,0.280183
eastern_rosella,256,xyz,0.567414,30.866654,0.936798,3.464237,0.186733,0.282603
felt_ball_trivet,4,luv,0.066699,14.869476,0.445417,17.656521,0.558236,0.672800
felt_ball_trivet,4,rgb,0.079324,17.308927,0.474787,16.340785,0.552419,0.668762
felt_ball_trivet,4,xyz,0.097096,15.173508,0.464389,19.563007,0.688953,0.759536
felt_ball_trivet,16,luv,0.115352,21.356885,0.536889,7.414919,0.423727,0.529829
felt_ball_trivet,16,rgb,0.190497,23.249965,0.622033,8.852678,0.380218,0.532138
felt_ball_trivet,16,xyz,0.179466,19.586480,0.548955,11.647405,0.476135,0.601095
felt_ball_trivet,64,luv,0.244476,26.019769,0.663751,4.068050,0.293730,0.444170
felt_ball_trivet,64,rgb,0.339669,28.827886,0.766002,4.206520,0.215934,0.407154
felt_ball_trivet,64,xyz,0.327785,24.143626,0.677660,6.738249,0.267536,0.440627
felt_ball_trivet,256,luv,0.397370,30.212794,0.785196,2.385190,0.173461,0.346804
felt_ball_trivet,256,rgb,0.528404,33.853536,0.893934,2.467118,0.093268,0.278106
felt_ball_trivet,256,xyz,0.480550,28.560618,0.785830,3.710777,0.122849,0.274592
fishing_nets,4,luv,0.064749,14.248653,0.305665,18.829044,0.573613,0.644218
fishing_nets,4,rgb,0.150400,16.693561,0.494568,18.042136,0.465463,0.590548
fishing_nets,4,xyz,0.135906,15.182070,0.442764,19.774993,0.483217,0.618497
fishing_nets,16,luv,0.199553,20.365973,0.603773,7.872538,0.289325,0.396948
fishing_nets,16,rgb,0.312620,22.741298,0.786221,8.320328,0.190319,0.328462
fishing_nets,16,xyz,0.347917,19.162999,0.779264,13.987840,0.235316,0.342264
fishing_nets,64,luv,0.378257,25.561957,0.853830,4.144251,0.121791,0.196600
fishing_nets,64,rgb,0.484314,28.557472,0.925475,3.944473,0.057987,0.140638
fishing_nets,64,xyz,0.438988,24.380819,0.860227,6.915253,0.097910,0.159379
fishing_nets,256,luv,0.529024,29.889426,0.938935,2.491202,0.040622,0.101624
fishing_nets,256,rgb,0.631247,33.229058,0.970977,2.408941,0.013772,0.053677
fishing_nets,256,xyz,0.572241,29.238550,0.936922,3.451327,0.034983,0.061384
floating_market,4,luv,0.181512,17.425964,0.630384,12.279519,0.316481,0.516449
floating_market,4,rgb,0.291054,20.484756,0.800662,11.005894,0.341313,0.441644
floating_market,4,xyz,0.238696,19.050370,0.710601,12.283808,0.383944,0.512330
floating_market,16,luv,0.336301,21.978875,0.832412,7.398391,0.125606,0.240644
floating_market,16,rgb,0.438819,24.909614,0.905842,8.250106,0.134579,0.222657
floating_market,16,xyz,0.381725,22.953846,0.869840,9.008200,0.234820,0.309865
floating_market,64,luv,0.466500,25.971477,0.915023,4.714003,0.048246,0.126318
floating_market,64,rgb,0.570194,29.188823,0.955731,5.290162,0.035613,0.086224
floating_market,64,xyz,0.496420,25.874321,0.930924,7.009442,0.121211,0.161365
floating_market,256,luv,0.585886,29.645928,0.957827,3.053177,0.018244,0.065975
floating_market,256,rgb,0.683520,33.231625,0.979938,3.545446,0.010385,0.037523
floating_market,256,xyz,0.618673,29.404962,0.966152,5.120223,0.047573,0.073506
fruit_dessert,4,luv,0.116434,16.461637,0.364191,12.419519,0.471078,0.610694
fruit_dessert,4,rgb,0.128289,18.899720,0.426511,13.681677,0.457576,0.648232
fruit_dessert,4,xyz,0.135235,17.118568,0.412259,16.056643,0.580898,0.715545
fruit_dessert,16,luv,0.236459,23.183673,0.578150,5.873145,0.176435,0.391927
fruit_dessert,16,rgb,0.306001,25.433821,0.698831,6.048786,0.113724,0.338252
fruit_dessert,16,xyz,0.235296,21.763998,0.560949,9.189223,0.247154,0.447771
fruit_dessert,64,luv,0.372992,27.089766,0.732662,3.481955,0.083027,0.194775
fruit_dessert,64,rgb,0.474096,30.348213,0.859953,3.554715,0.028374,0.106125
fruit_dessert,64,xyz,0.370965,26.494139,0.723174,5.385104,0.076913,0.182267
fruit_dessert,256,luv,0.508302,30.683121,0.847682,2.129961,0.028937,0.085733
fruit_dessert,256,rgb,0.621434,34.640917,0.937310,2.229646,0.006636,0.035151
fruit_dessert,256,xyz,0.499124,30.470194,0.829144,3.376690,0.027763,0.072401
fruit_stand,4,luv,0.118978,16.438223,0.456094,14.799655,0.447770,0.614406
fruit_stand,4,rgb,0.237771,19.171724,0.706843,14.916090,0.384738,0.555539
fruit_stand,4,xyz,0.194976,17.737179,0.607424,16.331947,0.452919,0.611800
fruit_stand,16,luv,0.247230,20.677578,0.702219,8.653312,0.199452,0.397166
fruit_stand,16,rgb,0.375483,23.850681,0.850367,9.737998,0.149061,0.290068
fruit_stand,16,xyz,0.330698,21.869786,0.804463,12.136022,0.266009,0.399584
fruit_stand,64,luv,0.384299,24.663212,0.841390,5.468994,0.087450,0.226589
fruit_stand,64,rgb,0.500960,28.093935,0.920463,6.181278,0.049148,0.140984
fruit_stand,64,xyz,0.438433,25.293174,0.890429,8.866858,0.120990,0.210101
fruit_stand,256,luv,0.515014,28.398918,0.916954,3.506910,0.038589,0.130392
fruit_stand,256,rgb,0.622662,32.170041,0.962455,3.951769,0.015010,0.064019
fruit_stand,256,xyz,0.548201,28.729429,0.939970,6.279282,0.051699,0.095868
fruits,4,luv,0.066423,14.299198,0.392889,16.984722,0.560491,0.697703
fruits,4,rgb,0.165012,17.751272,0.543834,16.433317,0.522185,0.685585
fruits,4,xyz,0.170302,16.328286,0.531964,20.109196,0.573085,0.729901
fruits,16,luv,0.188572,20.304511,0.575234,8.666411,0.369453,0.544402
fruits,16,rgb,0.281044,22.984097,0.693809,10.150303,0.298491,0.505418
fruits,16,xyz,0.276740,19.991922,0.653271,14.917624,0.364430,0.571408
fruits,64,luv,0.311632,25.199039,0.724195,4.916332,0.194965,0.418711
fruits,64,rgb,0.418697,28.293855,0.818717,5.212873,0.120920,0.324719
fruits,64,xyz,0.380019,24.970479,0.767400,8.353294,0.165585,0.344038
fruits,256,luv,0.456623,29.727417,0.841508,2.893176,0.086632,0.245660
fruits,256,rgb,0.568335,33.065561,0.909394,3.055365,0.032896,0.139434
fruits,256,xyz,0.518338,29.557670,0.868663,4.836373,0.067011,0.168913
fruits_veggies,4,luv,0.078530,13.470633,0.463823,15.509697,0.470561,0.578698
fruits_veggies,4,rgb,0.177732,17.048704,0.598588,14.491893,0.428519,0.558919
fruits_veggies,4,xyz,0.147837,15.707184,0.549112,14.211781,0.458144,0.580731
fruits_veggies,16,luv,0.225903,20.757681,0.653738,7.397875,0.236888,0.408852
fruits_veggies,16,rgb,0.317044,23.755792,0.755116,7.455912,0.233236,0.395348
fruits_veggies,16,xyz,0.281703,20.129200,0.662877,9.491822,0.282593,0.435155
fruits_veggies,64,luv,0.342841,24.878305,0.750579,3.965601,0.157087,0.298573
fruits_veggies,64,rgb,0.455558,29.010233,0.868973,4.017158,0.111999,0.263571
fruits_veggies,64,xyz,0.403398,24.614674,0.768256,5.608394,0.142884,0.288653
fruits_veggies,256,luv,0.487714,29.385543,0.850356,2.273153,0.099437,0.218216
fruits_veggies,256,rgb,0.600151,33.732100,0.938821,2.358994,0.051384,0.169508
fruits_veggies,256,xyz,0.526940,28.777708,0.862414,3.518850,0.052409,0.168532
german_hot_air_balloon,4,luv,0.134549,20.806174,0.860647,6.110521,0.213113,0.377322
german_hot_air_balloon,4,rgb,0.161054,22.033547,0.879783,7.426423,0.215192,0.403897
german_hot_air_balloon,4,xyz,0.149201,21.056789,0.864138,7.187335,0.217085,0.408129
german_hot_air_balloon,16,luv,0.294413,26.288671,0.901667,3.003357,0.168413,0.330247
german_hot_air_balloon,16,rgb,0.340698,28.386620,0.920229,2.996904,0.151541,0.314729
german_hot_air_balloon,16,xyz,0.320207,25.585495,0.895277,3.991584,0.182382,0.380943
german_hot_air_balloon,64,luv,0.450915,31.682976,0.934734,1.561310,0.112478,0.321461
german_hot_air_balloon,64,rgb,0.521408,34.522362,0.952264,1.641470,0.085092,0.301718
german_hot_air_balloon,64,xyz,0.479402,31.592807,0.944826,2.043042,0.052257,0.272314
german_hot_air_balloon,256,luv,0.601374,36.835637,0.963909,0.859866,0.040078,0.251951
german_hot_air_balloon,256,rgb,0.675731,39.992214,0.976658,0.912023,0.015539,0.188997
german_hot_air_balloon,256,xyz,0.625022,36.273399,0.970621,1.224889,0.014187,0.128452
girl,4,luv,0.121800,20.999901,0.668004,7.953614,0.426356,0.548509
girl,4,rgb,0.146886,21.854601,0.692248,8.090101,0.420247,0.544537
girl,4,xyz,0.167331,20.040085,0.673883,10.482794,0.448432,0.546249
girl,16,luv,0.268793,26.854322,0.776227,4.174276,0.264785,0.437072
girl,16,rgb,0.358842,28.973060,0.831567,4.467477,0.206296,0.395329
girl,16,xyz,0.313548,25.657951,0.746673,5.983509,0.294370,0.431094
girl,64,luv,0.418874,31.768552,0.864143,2.289889,0.134780,0.307233
girl,64,rgb,0.549811,34.425339,0.925284,2.570354,0.066623,0.190909
girl,64,xyz,0.511317,31.695092,0.896119,3.499650,0.092460,0.217263
girl,256,luv,0.579415,36.206714,0.934478,1.388188,0.038365,0.143624
girl,256,rgb,0.703908,39.309946,0.969749,1.516593,0.012537,0.066600
girl,256,xyz,0.642446,35.355218,0.944692,2.462772,0.035770,0.094812
gourds,4,luv,0.124183,16.687906,0.455478,13.792272,0.377059,0.585858
gourds,4,rgb,0.190070,18.361822,0.590338,14.140963,0.359516,0.547310
gourds,4,xyz,0.156638,16.992522,0.507547,15.157327,0.438228,0.601906
gourds,16,luv,0.246508,21.258111,0.670964,7.411490,0.161531,0.360083
gourds,16,rgb,0.341596,24.224924,0.791920,8.103127,0.124697,0.296004
gourds,16,xyz,0.303021,21.244337,0.726755,10.962684,0.207460,0.367383
gourds,64,luv,0.379321,25.499194,0.807447,4.466991,0.069137,0.189843
gourds,64,rgb,0.479923,28.951046,0.890384,4.789752,0.039356,0.136944
gourds,64,xyz,0.424436,25.413634,0.835089,7.389990,0.089582,0.182553
gourds,256,luv,0.503108,29.055415,0.883648,2.822428,0.031174,0.100097
gourds,256,rgb,0.613354,33.218663,0.947801,3.109820,0.011647,0.052471
gourds,256,xyz,0.538343,29.364949,0.905778,4.793557,0.028769,0.070434
grilled_food,4,luv,0.154234,15.876239,0.366517,15.169073,0.510368,0.618172
grilled_food,4,rgb,0.213119,17.312998,0.461153,15.129224,0.494011,0.618986
grilled_food,4,xyz,0.193155,15.294050,0.409901,19.004189,0.581659,0.682133
grilled_food,16,luv,0.249650,20.009504,0.503038,7.860858,0.302390,0.454433
grilled_food,16,rgb,0.340650,23.209830,0.656954,7.924534,0.252872,0.432517
grilled_food,16,xyz,0.306602,19.545507,0.542236,13.461398,0.336471,0.520093
grilled_food,64,luv,0.380965,24.541287,0.702223,4.487612,0.197830,0.336506
grilled_food,64,rgb,0.483634,28.084729,0.828344,4.628822,0.112409,0.274375
grilled_food,64,xyz,0.417926,24.180182,0.681650,7.671622,0.147768,0.316946
grilled_food,256,luv,0.513214,28.689263,0.835884,2.619513,0.115395,0.211229
grilled_food,256,rgb,0.614636,32.631564,0.918637,2.753903,0.041269,0.136387
grilled_food,256,xyz,0.528302,27.923179,0.802289,4.726517,0.063306,0.176737
hard_candy,4,luv,0.098285,15.481142,0.429716,12.885859,0.417390,0.567367
hard_candy,4,rgb,0.162184,17.737781,0.530326,13.542884,0.384070,0.558180
hard_candy,4,xyz,0.127457,15.662938,0.473730,15.371776,0.465236,0.619776
hard_candy,16,luv,0.169833,20.346676,0.526458,7.114676,0.262549,0.449653
hard_candy,16,rgb,0.266367,23.338353,0.669541,6.946969,0.182328,0.391630
hard_candy,16,xyz,0.244184,19.757446,0.585852,9.126708,0.266924,0.434952
hard_candy,64,luv,0.289537,24.338507,0.661626,4.031928,0.138153,0.318394
hard_candy,64,rgb,0.414157,28.437304,0.820122,3.897620,0.070138,0.243764
hard_candy,64,xyz,0.369969,23.815653,0.705124,5.184012,0.125035,0.236917
hard_candy,256,luv,0.429964,28.715043,0.792437,2.337084,0.069720,0.199707
hard_candy,256,rgb,0.566490,33.290232,0.913852,2.248740,0.022391,0.112711
hard_candy,256,xyz,0.503377,27.711336,0.811408,3.038733,0.053161,0.111806
italian_hot_air_balloon,4,luv,0.058993,16.779485,0.659450,13.308516,0.422339,0.480036
italian_hot_air_balloon,4,rgb,0.152683,16.871698,0.730999,17.318419,0.351622,0.527195
italian_hot_air_balloon,4,xyz,0.206049,16.599309,0.728288,17.251150,0.351097,0.538797
italian_hot_air_balloon,16,luv,0.234269,21.716003,0.793389,5.713098,0.178822,0.329411
italian_hot_air_balloon,16,rgb,0.316959,24.488339,0.837139,5.968200,0.143134,0.315152
italian_hot_air_balloon,16,xyz,0.310386,21.642354,0.794959,8.234831,0.172215,0.339616
italian_hot_air_balloon,64,luv,0.390098,28.307727,0.861928,2.627294,0.098235,0.273504
italian_hot_air_balloon,64,rgb,0.468536,30.882930,0.898970,2.410904,0.065569,0.242428
italian_hot_air_balloon,64,xyz,0.443203,27.496021,0.870125,3.599302,0.075364,0.241459
italian_hot_air_balloon,256,luv,0.527639,33.016854,0.912096,1.451460,0.047571,0.211025
italian_hot_air_balloon,256,rgb,0.624155,36.293441,0.947015,1.369784,0.020620,0.165013
italian_hot_air_balloon,256,xyz,0.578908,31.837991,0.927299,1.959847,0.027181,0.124115
jacksons_chameleon,4,luv,0.077205,16.876470,0.414031,11.999093,0.540291,0.571880
jacksons_chameleon,4,rgb,0.176327,19.491479,0.610310,10.823076,0.402983,0.523280
jacksons_chameleon,4,xyz,0.191665,18.111740,0.606073,14.106627,0.456161,0.581529
jacksons_chameleon,16,luv,0.214086,21.477249,0.625659,6.671076,0.310185,0.444937
jacksons_chameleon,16,rgb,0.318778,24.640273,0.754857,6.668983,0.251097,0.388597
jacksons_chameleon,16,xyz,0.312543,22.551609,0.729450,7.924976,0.278889,0.401598
jacksons_chameleon,64,luv,0.330380,25.277130,0.750326,3.945515,0.187464,0.315138
jacksons_chameleon,64,rgb,0.438952,29.057668,0.840311,4.104980,0.125962,0.270364
jacksons_chameleon,64,xyz,0.420665,26.250369,0.822443,5.067077,0.142658,0.257999
jacksons_chameleon,256,luv,0.467309,29.307365,0.844511,2.382558,0.114065,0.205330
jacksons_chameleon,256,rgb,0.574939,33.355626,0.914707,2.448420,0.043480,0.130590
jacksons_chameleon,256,xyz,0.527563,29.728553,0.879581,3.354077,0.062607,0.113912
king_penguin,4,luv,0.072863,20.419662,0.682911,6.365933,0.384087,0.496220
king_penguin,4,rgb,0.125669,22.322991,0.755309,6.628142,0.318582,0.468704
king_penguin,4,xyz,0.151713,21.491736,0.748520,7.719889,0.369616,0.499245
king_penguin,16,luv,0.256155,26.528188,0.824763,3.529382,0.269043,0.401817
king_penguin,16,rgb,0.352675,28.855445,0.886618,3.622221,0.207073,0.345568
king_penguin,16,xyz,0.292364,26.849542,0.811561,4.011535,0.289694,0.436654
king_penguin,64,luv,0.389361,31.268428,0.892889,2.189132,0.164597,0.321906
king_penguin,64,rgb,0.516662,34.241578,0.933007,2.274230,0.111613,0.282291
king_penguin,64,xyz,0.475521,31.513058,0.911035,2.782833,0.115948,0.275303
king_penguin,256,luv,0.547556,35.305548,0.936846,1.408607,0.100559,0.246149
king_penguin,256,rgb,0.660533,38.610605,0.965867,1.522584,0.037286,0.152476
king_penguin,256,xyz,0.606960,35.197721,0.952986,2.065140,0.033577,0.121651
king_vulture,4,luv,0.037109,14.349965,0.447199,15.193743,0.654968,0.659202
king_vulture,4,rgb,0.126562,17.839412,0.573473,17.438725,0.611415,0.668686
king_vulture,4,xyz,0.123983,16.259708,0.550121,18.404852,0.680579,0.715507
king_vulture,16,luv,0.158216,21.257153,0.603195,7.427927,0.453900,0.521598
king_vulture,16,rgb,0.235012,23.563705,0.686906,8.189218,0.415945,0.508045
king_vulture,16,xyz,0.244957,21.169370,0.661314,11.610301,0.487885,0.559882
king_vulture,64,luv,0.292023,25.731173,0.737569,4.227622,0.317019,0.416314
king_vulture,64,rgb,0.404459,29.014666,0.828472,4.376940,0.235135,0.351286
king_vulture,64,xyz,0.368867,25.441446,0.766781,6.491045,0.259218,0.376578
king_vulture,256,luv,0.438069,29.894954,0.846160,2.556556,0.195031,0.307435
king_vulture,256,rgb,0.557322,33.702220,0.912807,2.734422,0.110371,0.254070
king_vulture,256,xyz,0.525878,30.174656,0.885496,3.702481,0.095659,0.214685
kingfisher,4,luv,0.133314,19.468355,0.708490,8.960923,0.480585,0.472279
kingfisher,4,rgb,0.170803,20.756096,0.735067,8.652915,0.478719,0.465500
kingfisher,4,xyz,0.171490,18.917781,0.710597,9.704262,0.517577,0.491367
kingfisher,16,luv,0.216861,23.218923,0.752732,5.248973,0.430588,0.422660
kingfisher,16,rgb,0.305957,26.146283,0.810590,5.243630,0.433996,0.433492
kingfisher,16,xyz,0.319817,23.455838,0.780263,6.024468,0.451088,0.459221
kingfisher,64,luv,0.344275,28.151016,0.826487,2.788414,0.393093,0.405403
kingfisher,64,rgb,0.433650,31.422245,0.879227,3.098034,0.373463,0.390035
kingfisher,64,xyz,0.461458,27.962141,0.846658,3.854441,0.350275,0.414475
kingfisher,256,luv,0.504046,32.365601,0.891171,1.602261,0.302747,0.379269
kingfisher,256,rgb,0.601568,36.313168,0.939960,1.835231,0.240940,0.353792
kingfisher,256,xyz,0.588641,31.883983,0.897939,2.425136,0.213774,0.341722
korean_dancer,4,luv,0.107015,15.960449,0.547536,12.642932,0.503655,0.569708
korean_dancer,4,rgb,0.168478,18.228906,0.564807,12.053094,0.462709,0.562453
korean_dancer,4,xyz,0.174730,16.448788,0.555675,14.195968,0.554059,0.577256
korean_dancer,16,luv,0.236336,21.908335,0.627203,6.376700,0.332927,0.459955
korean_dancer,16,rgb,0.302169,24.658392,0.728170,6.228614,0.323225,0.460629
korean_dancer,16,xyz,0.319404,21.099392,0.628027,8.388921,0.378661,0.493761
korean_dancer,64,luv,0.366802,27.063694,0.750563,3.544348,0.247545,0.388292
korean_dancer,64,rgb,0.474160,30.638518,0.847699,3.576309,0.183859,0.373766
korean_dancer,64,xyz,0.479460,26.323508,0.752021,5.123083,0.215942,0.388094
korean_dancer,256,luv,0.518640,32.352753,0.859151,1.949151,0.158270,0.311647
korean_dancer,256,rgb,0.641604,35.843866,0.929528,2.068624,0.077680,0.239418
korean_dancer,256,xyz,0.613422,30.505266,0.849711,3.242016,0.096735,0.232930
lights,4,luv,0.119082,12.183689,0.400746,20.891759,0.443558,0.604685
lights,4,rgb,0.151047,13.446785,0.466006,20.876893,0.408892,0.608142
lights,4,xyz,0.162393,12.689740,0.465470,21.946753,0.388858,0.642764
lights,16,luv,0.237913,17.191996,0.593346,11.362738,0.220022,0.383469
lights,16,rgb,0.303911,19.623164,0.687563,11.243072,0.151092,0.338848
lights,16,xyz,0.270238,15.662719,0.634024,15.064988,0.229741,0.392878
lights,64,luv,0.369846,21.640603,0.747334,5.981432,0.099815,0.225630
lights,64,rgb,0.442759,24.616500,0.822665,6.018895,0.044947,0.170728
lights,64,xyz,0.381341,20.285201,0.751736,8.459594,0.095199,0.195550
lights,256,luv,0.496294,25.763501,0.847037,3.373414,0.040097,0.142022
lights,256,rgb,0.574993,29.329892,0.905260,3.483723,0.011526,0.083323
lights,256,xyz,0.498393,23.930744,0.838192,5.078322,0.037935,0.100364
macarons,4,luv,0.060425,14.282611,0.537156,16.062845,0.561038,0.587838
macarons,4,rgb,0.123620,16.615019,0.589536,15.845710,0.554361,0.598579
macarons,4,xyz,0.112250,15.493123,0.572511,16.570944,0.585114,0.612843
macarons,16,luv,0.137339,19.314342,0.585788,8.681620,0.486248,0.524640
macarons,16,rgb,0.211953,22.290610,0.657310,8.912376,0.449711,0.522763
macarons,16,xyz,0.221786,18.935820,0.621649,11.218879,0.495150,0.554797
macarons,64,luv,0.248321,24.319127,0.670506,4.683081,0.380833,0.472955
macarons,64,rgb,0.344117,27.617255,0.769423,4.984847,0.319496,0.461006
macarons,64,xyz,0.357499,22.727922,0.722553,7.245437,0.344408,0.482704
macarons,256,luv,0.377442,28.852121,0.769006,2.625097,0.268865,0.417300
macarons,256,rgb,0.498365,32.650300,0.874461,2.703002,0.164593,0.371553
macarons,256,xyz,0.464780,27.090840,0.791230,4.177032,0.186284,0.364600
macaws,4,luv,0.047781,15.082982,0.631228,13.122069,0.474009,0.620354
macaws,4,rgb,0.085297,19.265946,0.693915,12.337340,0.479799,0.622244
macaws,4,xyz,0.134430,17.863514,0.700906,15.970318,0.621893,0.716009
macaws,16,luv,0.163125,24.010215,0.721814,5.310168,0.397068,0.542739
macaws,16,rgb,0.255406,26.492886,0.771195,5.576206,0.374674,0.527300
macaws,16,xyz,0.259065,23.656479,0.744590,9.724565,0.432241,0.582624
macaws,64,luv,0.286610,28.690229,0.785674,3.134657,0.316779,0.471851
macaws,64,rgb,0.431317,31.875237,0.863536,3.364466,0.195753,0.409669
macaws,64,xyz,0.408345,28.971934,0.839561,4.706529,0.228131,0.398203
macaws,256,luv,0.452650,33.235428,0.873717,1.876823,0.173672,0.357420
macaws,256,rgb,0.596942,36.720909,0.934761,2.071142,0.052106,0.202805
macaws,256,xyz,0.566688,33.430083,0.912966,2.842014,0.068079,0.174141
malayan_banded_pitta,4,luv,0.118080,18.764877,0.703348,11.357989,0.566113,0.598475
malayan_banded_pitta,4,rgb,0.184732,21.074557,0.757442,11.119645,0.572157,0.611518
malayan_banded_pitta,4,xyz,0.196378,20.404603,0.766100,10.980900,0.573763,0.606087
malayan_banded_pitta,16,luv,0.212545,23.754397,0.777844,6.378540,0.500575,0.527748
malayan_banded_pitta,16,rgb,0.347357,26.719598,0.849037,7.605280,0.497288,0.536963
malayan_banded_pitta,16,xyz,0.346598,24.800734,0.836673,8.748035,0.510854,0.557056
malayan_banded_pitta,64,luv,0.343020,28.367795,0.849263,3.701086,0.422590,0.459631
malayan_banded_pitta,64,rgb,0.473989,31.518947,0.903619,4.364752,0.367221,0.441728
malayan_banded_pitta,64,xyz,0.478825,28.822175,0.895599,5.999658,0.380918,0.470937
malayan_banded_pitta,256,luv,0.490592,32.729971,0.906572,2.235459,0.343891,0.417766
malayan_banded_pitta,256,rgb,0.621926,36.049414,0.950813,2.753182,0.240788,0.373667
malayan_banded_pitta,256,xyz,0.597268,32.757190,0.940341,4.075170,0.242704,0.385378
mandarin_ducks,4,luv,0.166391,22.623436,0.759226,7.147475,0.360563,0.543884
mandarin_ducks,4,rgb,0.261482,23.931157,0.787127,7.105179,0.410813,0.556962
mandarin_ducks,4,xyz,0.210017,23.444907,0.796637,7.527227,0.355962,0.535888
mandarin_ducks,16,luv,0.333557,27.713225,0.849306,4.024831,0.266767,0.451431
mandarin_ducks,16,rgb,0.456656,30.105750,0.901035,4.422552,0.233701,0.403174
mandarin_ducks,16,xyz,0.461743,28.794407,0.893471,5.000586,0.268009,0.418697
mandarin_ducks,64,luv,0.482877,32.009303,0.911455,2.581747,0.138493,0.329307
mandarin_ducks,64,rgb,0.621460,35.219571,0.957214,3.129040,0.078199,0.225540
mandarin_ducks,64,xyz,0.603762,32.840778,0.950183,3.722462,0.122040,0.276946
mandarin_ducks,256,luv,0.620659,36.041152,0.952958,1.654634,0.062841,0.207602
mandarin_ducks,256,rgb,0.741324,39.444826,0.978141,2.069396,0.025658,0.101418
mandarin_ducks,256,xyz,0.717886,36.455066,0.975112,2.916565,0.049467,0.138546
mandarinfish,4,luv,0.073070,16.415712,0.584770,14.599478,0.607126,0.614687
mandarinfish,4,rgb,0.119307,18.936298,0.618443,15.413406,0.674657,0.666260
mandarinfish,4,xyz,0.098347,17.249771,0.590513,16.806957,0.694150,0.690078
mandarinfish,16,luv,0.157958,20.391186,0.639934,8.768122,0.570259,0.540744
mandarinfish,16,rgb,0.257760,23.587424,0.720384,10.208293,0.553966,0.574526
mandarinfish,16,xyz,0.253672,21.609255,0.705394,12.594784,0.597294,0.625460
mandarinfish,64,luv,0.259532,25.131885,0.719532,5.058178,0.489096,0.493273
mandarinfish,64,rgb,0.381932,28.302539,0.811326,5.635812,0.404929,0.484066
mandarinfish,64,xyz,0.371584,24.783475,0.790381,9.243043,0.437008,0.535337
mandarinfish,256,luv,0.392892,29.220448,0.809146,3.018337,0.382533,0.453659
mandarinfish,256,rgb,0.515573,32.801602,0.886917,3.393343,0.243035,0.413169
mandarinfish,256,xyz,0.472893,28.359156,0.849323,6.282764,0.222315,0.425924
mangoes,4,luv,0.083473,19.202651,0.764023,7.967851,0.365172,0.366779
mangoes,4,rgb,0.128599,22.218691,0.782859,7.206492,0.396751,0.401400
mangoes,4,xyz,0.120715,21.693329,0.778389,7.104128,0.395465,0.397993
mangoes,16,luv,0.218329,26.866710,0.820449,3.380508,0.273110,0.328455
mangoes,16,rgb,0.271053,28.661696,0.837670,3.382077,0.271392,0.354863
mangoes,16,xyz,0.294620,26.309745,0.845505,4.287843,0.267261,0.347977
mangoes,64,luv,0.368655,31.390937,0.874413,1.838045,0.197875,0.290210
mangoes,64,rgb,0.470356,34.468764,0.916252,1.861333,0.147016,0.290936
mangoes,64,xyz,0.462596,31.663546,0.902212,2.180703,0.144039,0.293662
mangoes,256,luv,0.534254,35.628677,0.929740,1.063166,0.106362,0.265044
mangoes,256,rgb,0.631408,39.513982,0.961672,1.122266,0.048659,0.217970
mangoes,256,xyz,0.592057,35.899837,0.945469,1.354479,0.039531,0.182842
marrakech_museum,4,luv,0.219939,14.546861,0.747196,14.427580,0.236526,0.322247
marrakech_museum,4,rgb,0.295690,17.069938,0.862201,14.199945,0.220602,0.272023
marrakech_museum,4,xyz,0.294283,15.271307,0.825809,16.162059,0.296681,0.350874
marrakech_museum,16,luv,0.407972,21.246485,0.934826,6.741214,0.034978,0.095684
marrakech_museum,16,rgb,0.472808,23.682824,0.956856,6.711588,0.031349,0.074991
marrakech_museum,16,xyz,0.417048,19.994895,0.933060,9.506047,0.149283,0.175240
marrakech_museum,64,luv,0.536627,25.805948,0.973350,4.028263,0.011511,0.036296
marrakech_museum,64,rgb,0.620187,29.126945,0.985674,4.010377,0.008416,0.019841
marrakech_museum,64,xyz,0.526128,24.413544,0.972701,6.054965,0.049351,0.077941
marrakech_museum,256,luv,0.640890,29.640321,0.987807,2.548421,0.003883,0.014996
marrakech_museum,256,rgb,0.733783,33.770861,0.994580,2.667403,0.002691,0.006211
marrakech_museum,256,xyz,0.638785,28.678278,0.988704,3.707560,0.013638,0.027161
maya_beach,4,luv,0.149609,17.810988,0.689527,10.568281,0.330124,0.484653
maya_beach,4,rgb,0.203316,20.252675,0.755423,10.174435,0.287063,0.448115
maya_beach,4,xyz,0.172854,19.214426,0.712665,11.163508,0.337214,0.485187
maya_beach,16,luv,0.274908,23.828232,0.801564,5.469634,0.182720,0.347123
maya_beach,16,rgb,0.352832,25.967592,0.848206,6.135632,0.170475,0.316555
maya_beach,16,xyz,0.344824,23.014066,0.830121,8.087023,0.209278,0.357264
maya_beach,64,luv,0.405923,28.108100,0.876134,3.186362,0.102069,0.236603
maya_beach,64,rgb,0.502572,31.063079,0.915750,3.524026,0.069979,0.212416
maya_beach,64,xyz,0.472663,28.092497,0.896260,4.616316,0.090854,0.230561
maya_beach,256,luv,0.553772,32.347825,0.934125,1.945184,0.045602,0.165633
maya_beach,256,rgb,0.659049,35.827296,0.964111,2.171928,0.024180,0.126753
maya_beach,256,xyz,0.611144,32.055948,0.950145,2.987700,0.034062,0.128197
medicine_packets,4,luv,0.100466,11.635746,0.333807,20.200468,0.428483,0.524432
medicine_packets,4,rgb,0.224774,16.053616,0.574271,14.706779,0.263449,0.401433
medicine_packets,4,xyz,0.214378,14.150947,0.567676,19.717064,0.368106,0.487428
medicine_packets,16,luv,0.339907,20.490405,0.738223,7.301439,0.082517,0.176603
medicine_packets,16,rgb,0.428760,23.093195,0.838616,8.119038,0.052820,0.130705
medicine_packets,16,xyz,0.370068,19.174336,0.772115,10.384133,0.128765,0.194365
medicine_packets,64,luv,0.485821,25.273975,0.876816,4.057823,0.029704,0.082759
medicine_packets,64,rgb,0.570592,28.357829,0.925778,4.283994,0.014662,0.053900
medicine_packets,64,xyz,0.507325,23.543368,0.878733,6.029640,0.051552,0.090918
medicine_packets,256,luv,0.604210,29.212378,0.933494,2.468145,0.011874,0.044715
medicine_packets,256,rgb,0.698182,33.102494,0.967427,2.691146,0.004194,0.025049
medicine_packets,256,xyz,0.618826,27.529361,0.935818,3.750079,0.020315,0.043129
moroccan_babouches,4,luv,0.134015,18.039173,0.468326,12.151992,0.395830,0.567400
moroccan_babouches,4,rgb,0.199212,19.571212,0.579916,12.338087,0.361690,0.545955
moroccan_babouches,4,xyz,0.211188,18.324371,0.598313,13.714291,0.370303,0.539105
moroccan_babouches,16,luv,0.254176,22.239232,0.658171,7.175660,0.188483,0.376449
moroccan_babouches,16,rgb,0.359004,25.046028,0.783354,7.605868,0.118020,0.272526
moroccan_babouches,16,xyz,0.340295,22.646066,0.755322,9.798946,0.180504,0.308717
moroccan_babouches,64,luv,0.387950,26.727530,0.805003,4.306431,0.069412,0.209301
moroccan_babouches,64,rgb,0.508942,29.919392,0.894417,4.648050,0.035740,0.130216
moroccan_babouches,64,xyz,0.470430,26.312895,0.854856,7.311760,0.088861,0.154326
moroccan_babouches,256,luv,0.530140,30.766314,0.898479,2.622934,0.027353,0.104926
moroccan_babouches,256,rgb,0.646432,34.439631,0.952128,2.859869,0.010551,0.051609
moroccan_babouches,256,xyz,0.596378,30.515058,0.918676,4.596070,0.030837,0.069501
motocross,4,luv,0.217429,19.512481,0.641495,9.735850,0.293040,0.495622
motocross,4,rgb,0.297991,22.078862,0.752144,9.704392,0.262827,0.440883
motocross,4,xyz,0.232093,20.597731,0.646035,10.811826,0.348624,0.515242
motocross,16,luv,0.361417,24.864862,0.802628,5.504771,0.127522,0.293602
motocross,16,rgb,0.482023,27.385502,0.884019,6.237892,0.095858,0.214774
motocross,16,xyz,0.457725,25.026931,0.873922,8.046967,0.159659,0.270283
motocross,64,luv,0.531821,29.773874,0.908358,3.287771,0.053985,0.148226
motocross,64,rgb,0.630882,32.651624,0.951803,3.688250,0.029737,0.084562
motocross,64,xyz,0.579891,29.869654,0.930964,5.482025,0.054526,0.119815
motocross,256,luv,0.663550,34.009174,0.958619,2.121288,0.020857,0.069223
motocross,256,rgb,0.759204,37.267844,0.980594,2.507224,0.009594,0.030875
motocross,256,xyz,0.704203,34.051349,0.964678,3.569473,0.021283,0.048625
motorcycle,4,luv,0.125980,17.279424,0.466249,11.910326,0.439626,0.599602
motorcycle,4,rgb,0.190254,18.609575,0.565041,13.171605,0.398037,0.596276
motorcycle,4,xyz,0.185174,16.954309,0.574513,14.636820,0.440175,0.574082
motorcycle,16,luv,0.271209,22.286497,0.692700,5.912070,0.182272,0.389207
motorcycle,16,rgb,0.363406,24.898044,0.806367,6.834050,0.134916,0.327524
motorcycle,16,xyz,0.336514,22.388185,0.762740,8.756965,0.190807,0.367409
motorcycle,64,luv,0.427916,26.742814,0.847296,3.601360,0.074415,0.219925
motorcycle,64,rgb,0.540990,30.238944,0.920297,3.743337,0.043731,0.148305
motorcycle,64,xyz,0.487135,27.075209,0.873366,5.251792,0.083157,0.204074
motorcycle,256,luv,0.574758,30.780279,0.922627,2.276317,0.027540,0.107537
motorcycle,256,rgb,0.677837,34.717088,0.964746,2.559267,0.013028,0.061989
motorcycle,256,xyz,0.630205,31.069784,0.939333,3.352323,0.033136,0.087852
mural,4,luv,0.186906,17.044558,0.664961,10.418402,0.284570,0.451729
mural,4,rgb,0.304879,19.814808,0.812303,9.697839,0.237483,0.358826
mural,4,xyz,0.273940,18.460793,0.768351,10.191167,0.267914,0.386860
mural,16,luv,0.392281,24.026312,0.869031,4.888354,0.091809,0.230959
mural,16,rgb,0.481327,26.675772,0.912572,5.224132,0.071011,0.188794
mural,16,xyz,0.447934,24.192320,0.892430,6.285827,0.101173,0.211137
mural,64,luv,0.556246,29.047413,0.930500,2.861320,0.037937,0.135067
mural,64,rgb,0.646156,32.091246,0.961992,3.085218,0.025712,0.100075
mural,64,xyz,0.591804,28.881151,0.947507,3.722406,0.036946,0.106653
mural,256,luv,0.681122,33.472754,0.969767,1.731842,0.011255,0.069529
mural,256,rgb,0.774948,37.032751,0.984792,1.974670,0.006814,0.044134
mural,256,xyz,0.732522,33.414843,0.976810,2.508039,0.014191,0.040045
nylon_cords,4,luv,0.125007,16.126644,0.400837,14.626060,0.438603,0.588517
nylon_cords,4,rgb,0.165985,17.131193,0.487398,14.897862,0.391696,0.578374
nylon_cords,4,xyz,0.161227,15.526453,0.440263,17.855456,0.401796,0.592444
nylon_cords,16,luv,0.265876,21.177082,0.657840,6.799429,0.193186,0.334684
nylon_cords,16,rgb,0.331018,23.344080,0.766928,7.175860,0.126258,0.264626
nylon_cords,16,xyz,0.291951,20.306798,0.672022,10.302818,0.153157,0.291867
nylon_cords,64,luv,0.437190,26.734022,0.848054,3.482138,0.062494,0.133283
nylon_cords,64,rgb,0.513549,29.260929,0.913976,3.400741,0.034385,0.088495
nylon_cords,64,xyz,0.459927,26.011944,0.837369,5.016798,0.052235,0.125841
nylon_cords,256,luv,0.570617,30.519123,0.922194,2.001281,0.026497,0.061436
nylon_cords,256,rgb,0.643736,33.660636,0.960656,2.108033,0.011421,0.038174
nylon_cords,256,xyz,0.584226,29.868025,0.916365,3.051352,0.021027,0.052959
paper_clips,4,luv,0.184206,17.650272,0.756379,7.389750,0.211021,0.335498
paper_clips,4,rgb,0.200675,19.379195,0.772431,8.056676,0.178790,0.326715
paper_clips,4,xyz,0.220089,16.051745,0.776829,8.704724,0.225459,0.332652
paper_clips,16,luv,0.331274,25.382367,0.862296,3.164645,0.066196,0.225865
paper_clips,16,rgb,0.405631,27.745587,0.897014,3.277788,0.039151,0.203512
paper_clips,16,xyz,0.404315,24.951411,0.893492,3.666529,0.055443,0.211468
paper_clips,64,luv,0.518995,31.073364,0.942103,1.619978,0.023726,0.160824
paper_clips,64,rgb,0.616470,33.860206,0.963236,1.934745,0.015336,0.134981
paper_clips,64,xyz,0.568404,29.289267,0.947449,2.434698,0.020123,0.090505
paper_clips,256,luv,0.660396,35.465936,0.970639,0.851184,0.009849,0.122421
paper_clips,256,rgb,0.755217,39.292561,0.985890,1.120831,0.003427,0.049751
paper_clips,256,xyz,0.695476,34.287268,0.974093,1.324719,0.006435,0.022463
peacock,4,luv,0.140050,18.607851,0.597429,12.099281,0.352218,0.457229
peacock,4,rgb,0.266419,19.593123,0.773114,12.664456,0.280984,0.383619
peacock,4,xyz,0.194596,19.195589,0.638659,13.013991,0.282186,0.487064
peacock,16,luv,0.300630,22.956611,0.813053,7.686296,0.104124,0.170053
peacock,16,rgb,0.421200,25.757217,0.902169,9.103585,0.088633,0.168371
peacock,16,xyz,0.378947,23.655286,0.871431,9.657008,0.125793,0.203189
peacock,64,luv,0.429710,26.614551,0.902552,4.962183,0.038416,0.083660
peacock,64,rgb,0.541672,29.849047,0.950776,6.004005,0.022972,0.064000
peacock,64,xyz,0.506553,27.082727,0.936551,7.868939,0.071299,0.111667
peacock,256,luv,0.552961,30.282569,0.951664,3.173606,0.013651,0.037554
peacock,256,rgb,0.655489,33.736472,0.977338,3.909040,0.007083,0.021766
peacock,256,xyz,0.600379,29.954271,0.963222,6.290730,0.036761,0.062053
pencils,4,luv,0.074772,18.857254,0.546383,10.409436,0.480838,0.602167
pencils,4,rgb,0.118936,19.679009,0.603999,10.658679,0.438901,0.585677
pencils,4,xyz,0.149557,16.660893,0.556757,16.848838,0.546907,0.678564
pencils,16,luv,0.221594,23.933784,0.688275,5.205028,0.256756,0.468327
pencils,16,rgb,0.289937,26.771382,0.781335,4.796271,0.170560,0.432944
pencils,16,xyz,0.279508,23.782340,0.726379,6.842810,0.214611,0.444859
pencils,64,luv,0.449839,31.522513,0.874103,2.034640,0.059769,0.214540
pencils,64,rgb,0.515268,33.541775,0.912190,2.009349,0.041058,0.183242
pencils,64,xyz,0.460958,29.548365,0.865551,3.389641,0.074989,0.175055
pencils,256,luv,0.643291,36.844441,0.947069,1.013890,0.016502,0.061917
pencils,256,rgb,0.717454,39.627668,0.969720,1.005920,0.006917,0.036523
pencils,256,xyz,0.633447,35.019980,0.933149,1.581849,0.024716,0.054148
pigments,4,luv,0.045947,14.119659,0.258112,16.729281,0.599023,0.633504
pigments,4,rgb,0.138012,17.102978,0.467798,15.861209,0.492486,0.579921
pigments,4,xyz,0.139716,15.529339,0.481843,18.843011,0.518584,0.597175
pigments,16,luv,0.162113,19.109604,0.525255,9.157943,0.327486,0.457709
pigments,16,rgb,0.270510,22.553983,0.705609,8.890663,0.216864,0.387269
pigments,16,xyz,0.285580,19.571269,0.695954,11.864317,0.268029,0.382060
pigments,64,luv,0.308793,24.890916,0.749564,4.788568,0.130490,0.252341
pigments,64,rgb,0.415658,27.865097,0.858541,4.649925,0.064417,0.168175
pigments,64,xyz,0.399152,23.755732,0.808757,7.539637,0.125689,0.205080
pigments,256,luv,0.445795,28.814257,0.870203,2.993339,0.054757,0.138920
pigments,256,rgb,0.560747,32.311742,0.937893,2.978664,0.020406,0.063339
pigments,256,xyz,0.509655,27.551150,0.882483,4.455960,0.061160,0.101418
pink_mosque,4,luv,0.121563,16.581749,0.451269,13.481937,0.382046,0.525827
pink_mosque,4,rgb,0.169346,17.828164,0.575825,13.583260,0.371839,0.491344
pink_mosque,4,xyz,0.132650,16.648683,0.475164,14.469298,0.450567,0.551662
pink_mosque,16,luv,0.248886,21.105491,0.643746,7.510071,0.187954,0.307400
pink_mosque,16,rgb,0.311806,23.341961,0.736927,7.459597,0.137240,0.269851
pink_mosque,16,xyz,0.253422,20.146045,0.653897,10.122257,0.221907,0.365538
pink_mosque,64,luv,0.372024,25.374011,0.769043,4.228706,0.087307,0.194402
pink_mosque,64,rgb,0.467203,28.406946,0.862151,4.556440,0.045165,0.151168
pink_mosque,64,xyz,0.371400,23.754811,0.760475,7.007914,0.113286,0.214667
pink_mosque,256,luv,0.504907,29.256199,0.860278,2.567081,0.033335,0.115450
pink_mosque,256,rgb,0.603831,32.916677,0.934138,2.746488,0.012720,0.065896
pink_mosque,256,xyz,0.492888,27.660353,0.846036,4.702788,0.047977,0.111411
plushies,4,luv,0.183664,15.918424,0.606072,15.271927,0.338026,0.523762
plushies,4,rgb,0.285851,18.806005,0.786105,14.316490,0.366234,0.443188
plushies,4,xyz,0.236858,17.292084,0.700254,15.607084,0.414727,0.510113
plushies,16,luv,0.311383,20.428153,0.796257,9.141697,0.137433,0.317353
plushies,16,rgb,0.423094,23.475132,0.892786,9.549162,0.122683,0.217075
plushies,16,xyz,0.378917,21.486845,0.855176,11.803789,0.213253,0.276005
plushies,64,luv,0.454542,24.956084,0.903022,5.461004,0.050312,0.166921
plushies,64,rgb,0.552666,28.027441,0.948196,5.974489,0.039902,0.096063
plushies,64,xyz,0.487949,24.513522,0.920962,9.060257,0.140943,0.155575
plushies,256,luv,0.570555,28.713738,0.949050,3.450150,0.019282,0.085849
plushies,256,rgb,0.669520,32.308415,0.976552,4.001108,0.011814,0.038982
plushies,256,xyz,0.595995,28.228887,0.954224,5.794966,0.054834,0.071877
prickly_pears,4,luv,0.112829,16.535282,0.424405,13.477798,0.487475,0.621283
prickly_pears,4,rgb,0.241326,19.269145,0.635304,14.619228,0.409534,0.592137
prickly_pears,4,xyz,0.240448,17.643748,0.615657,16.876461,0.455315,0.626155
prickly_pears,16,luv,0.270458,22.322502,0.678943,6.673476,0.210838,0.432796
prickly_pears,16,rgb,0.377600,24.871499,0.781657,7.825433,0.163258,0.388281
prickly_pears,16,xyz,0.378732,21.771996,0.772723,11.461265,0.254998,0.435719
prickly_pears,64,luv,0.441409,27.151959,0.833770,3.837660,0.104304,0.259087
prickly_pears,64,rgb,0.551594,30.460745,0.910919,3.952514,0.054762,0.180268
prickly_pears,64,xyz,0.513319,26.762868,0.861337,6.507317,0.088148,0.220824
prickly_pears,256,luv,0.582223,31.453595,0.916255,2.366530,0.045327,0.137507
prickly_pears,256,rgb,0.690712,35.155323,0.961580,2.515157,0.017279,0.072581
prickly_pears,256,xyz,0.644726,31.363669,0.927020,3.654197,0.036307,0.099436
puffin,4,luv,0.111155,17.360265,0.618398,11.032741,0.536248,0.582136
puffin,4,rgb,0.171491,19.369193,0.755626,10.305084,0.412125,0.515596
puffin,4,xyz,0.174092,17.836952,0.680774,11.147127,0.515085,0.565465
puffin,16,luv,0.251188,23.490109,0.799167,5.074088,0.352023,0.414924
puffin,16,rgb,0.337454,25.846115,0.842383,5.888636,0.329682,0.413536
puffin,16,xyz,0.360434,23.277620,0.833404,7.136542,0.356896,0.472524
puffin,64,luv,0.418172,28.321285,0.874279,2.879924,0.255782,0.370523
puffin,64,rgb,0.528435,31.400591,0.920208,3.238374,0.196008,0.347705
puffin,64,xyz,0.521222,27.422335,0.913123,4.734127,0.170268,0.357051
puffin,256,luv,0.565496,32.418225,0.932045,1.772964,0.134425,0.311244
puffin,256,rgb,0.686380,36.226087,0.968647,2.058898,0.051321,0.229227
puffin,256,xyz,0.649633,31.562784,0.956263,2.904908,0.051849,0.135442
race_car,4,luv,0.142166,19.483421,0.701833,9.585252,0.371218,0.529042
race_car,4,rgb,0.146160,19.609011,0.702122,9.548107,0.366474,0.527903
race_car,4,xyz,0.145671,18.083614,0.696889,11.060197,0.417051,0.550224
race_car,16,luv,0.279420,25.922772,0.797380,3.745007,0.221403,0.382094
race_car,16,rgb,0.368360,28.410109,0.837863,3.808987,0.177295,0.367705
race_car,16,xyz,0.368886,26.312742,0.819233,5.355947,0.194121,0.386761
race_car,64,luv,0.485195,32.459925,0.897669,2.022121,0.103676,0.289170
race_car,64,rgb,0.587267,34.891134,0.934452,2.019239,0.058206,0.219090
race_car,64,xyz,0.554758,31.653302,0.907664,2.617500,0.058185,0.226712
race_car,256,luv,0.653772,37.039514,0.950250,1.214708,0.048632,0.173662
race_car,256,rgb,0.750220,40.095932,0.973681,1.330976,0.015573,0.094753
race_car,256,xyz,0.706029,37.012391,0.958965,1.659637,0.018659,0.079556
red_eyed_tree_frog,4,luv,0.085094,18.931591,0.622103,8.328339,0.481984,0.550104
red_eyed_tree_frog,4,rgb,0.177232,20.601066,0.669500,8.350360,0.432979,0.552812
red_eyed_tree_frog,4,xyz,0.161081,19.459063,0.643033,11.614975,0.464940,0.561712
red_eyed_tree_frog,16,luv,0.223926,23.280469,0.694562,4.555135,0.330352,0.481462
red_eyed_tree_frog,16,rgb,0.307627,26.616221,0.778072,4.639617,0.264971,0.463170
red_eyed_tree_frog,16,xyz,0.300172,23.567153,0.756705,6.123913,0.282675,0.461626
red_eyed_tree_frog,64,luv,0.348689,28.001912,0.794652,2.643204,0.225347,0.379543
red_eyed_tree_frog,64,rgb,0.471017,31.608098,0.885728,2.818803,0.161685,0.304345
red_eyed_tree_frog,64,xyz,0.436219,28.060841,0.833276,3.886760,0.186329,0.309737
red_eyed_tree_frog,256,luv,0.497845,31.874337,0.876538,1.621662,0.143244,0.261112
red_eyed_tree_frog,256,rgb,0.618482,36.073427,0.942492,1.775973,0.064029,0.176350
red_eyed_tree_frog,256,xyz,0.557991,32.229618,0.897778,2.716542,0.086862,0.187979
red_knobbed_starfish,4,luv,0.119446,17.093293,0.515318,13.408592,0.477260,0.606553
red_knobbed_starfish,4,rgb,0.219361,19.487769,0.660867,14.400513,0.496947,0.605436
red_knobbed_starfish,4,xyz,0.165693,18.291462,0.591201,15.204999,0.547818,0.621311
red_knobbed_starfish,16,luv,0.230745,22.192438,0.685307,7.489892,0.275736,0.447117
red_knobbed_starfish,16,rgb,0.345303,25.278277,0.797662,8.014245,0.233349,0.409459
red_knobbed_starfish,16,xyz,0.309288,23.024133,0.754074,10.451977,0.328813,0.460253
red_knobbed_starfish,64,luv,0.358978,26.428977,0.805622,4.544191,0.157383,0.322923
red_knobbed_starfish,64,rgb,0.483598,29.966550,0.891055,5.041092,0.115287,0.259292
red_knobbed_starfish,64,xyz,0.460951,26.799515,0.867312,7.734347,0.179244,0.313948
red_knobbed_starfish,256,luv,0.491218,30.351476,0.887886,2.862804,0.092931,0.215044
red_knobbed_starfish,256,rgb,0.612649,33.985702,0.945114,3.292198,0.046983,0.143436
red_knobbed_starfish,256,xyz,0.563128,30.521294,0.916451,5.163113,0.083190,0.177474
rescue_helicopter,4,luv,0.180427,19.798486,0.721347,6.669608,0.255026,0.400851
rescue_helicopter,4,rgb,0.219794,20.858748,0.742967,7.379262,0.282936,0.400229
rescue_helicopter,4,xyz,0.220223,18.186222,0.741316,10.055283,0.329828,0.443839
rescue_helicopter,16,luv,0.319990,25.549536,0.815778,3.673921,0.176150,0.316645
rescue_helicopter,16,rgb,0.413737,28.121269,0.873077,3.192651,0.145167,0.272146
rescue_helicopter,16,xyz,0.389862,25.887029,0.845478,3.966638,0.164122,0.307209
rescue_helicopter,64,luv,0.510094,31.564590,0.908364,1.895777,0.087853,0.235464
rescue_helicopter,64,rgb,0.605156,34.359268,0.944598,1.693332,0.048641,0.183710
rescue_helicopter,64,xyz,0.562204,31.270576,0.924173,2.123005,0.057335,0.198428
rescue_helicopter,256,luv,0.667870,36.352118,0.959845,1.109422,0.031446,0.136452
rescue_helicopter,256,rgb,0.753912,39.634750,0.978662,1.055995,0.010734,0.092712
rescue_helicopter,256,xyz,0.701417,35.648707,0.965018,1.337567,0.011802,0.072540
rose_bouquet,4,luv,0.120693,15.865243,0.376709,14.816482,0.412063,0.577686
rose_bouquet,4,rgb,0.187652,17.719250,0.500390,15.422438,0.344084,0.569391
rose_bouquet,4,xyz,0.197016,16.192866,0.494145,17.978141,0.455568,0.645878
rose_bouquet,16,luv,0.242836,20.814536,0.583551,7.773361,0.203781,0.395459
rose_bouquet,16,rgb,0.319464,23.556777,0.694183,8.111861,0.156668,0.352553
rose_bouquet,16,xyz,0.281861,19.654507,0.611597,13.373561,0.276824,0.462684
rose_bouquet,64,luv,0.360674,24.830639,0.721210,4.482075,0.112627,0.262454
rose_bouquet,64,rgb,0.464249,28.633071,0.838543,4.484478,0.059758,0.202493
rose_bouquet,64,xyz,0.392434,24.329558,0.721407,7.288079,0.116750,0.262643
rose_bouquet,256,luv,0.497239,29.156982,0.827892,2.568362,0.052398,0.158886
rose_bouquet,256,rgb,0.610129,33.380119,0.926666,2.647268,0.017242,0.096405
rose_bouquet,256,xyz,0.506995,28.245044,0.809746,4.414754,0.052783,0.138195
sagami_temple,4,luv,0.173593,17.527644,0.560146,13.262347,0.289534,0.492559
sagami_temple,4,rgb,0.239763,18.945501,0.682485,13.692925,0.256648,0.452733
sagami_temple,4,xyz,0.170776,16.760023,0.543699,16.434001,0.397380,0.578094
sagami_temple,16,luv,0.321948,22.644759,0.789001,6.978622,0.107156,0.270683
sagami_temple,16,rgb,0.405343,25.230029,0.864739,7.617001,0.082301,0.211387
sagami_temple,16,xyz,0.330010,22.103475,0.763372,10.649679,0.157783,0.299777
sagami_temple,64,luv,0.473022,27.375441,0.898894,4.117600,0.037386,0.142735
sagami_temple,64,rgb,0.565214,30.415596,0.943557,4.206827,0.018430,0.095874
sagami_temple,64,xyz,0.456871,26.365373,0.868656,7.409208,0.070554,0.173328
sagami_temple,256,luv,0.600494,31.556171,0.949809,2.428501,0.012799,0.074553
sagami_temple,256,rgb,0.694969,35.013589,0.974484,2.643836,0.005118,0.039043
sagami_temple,256,xyz,0.588227,30.587959,0.933876,4.584220,0.024633,0.071038
salad_bowl,4,luv,0.089478,15.789302,0.536280,14.592581,0.535387,0.648079
salad_bowl,4,rgb,0.160137,18.141627,0.606452,15.338157,0.569260,0.685405
salad_bowl,4,xyz,0.185989,17.106425,0.625360,15.544686,0.580208,0.690952
salad_bowl,16,luv,0.199542,20.975567,0.647497,7.234523,0.347418,0.502626
salad_bowl,16,rgb,0.291986,23.713815,0.736467,7.985733,0.320929,0.489671
salad_bowl,16,xyz,0.311722,21.078261,0.726911,11.709050,0.390239,0.528306
salad_bowl,64,luv,0.312088,25.162059,0.749340,4.356195,0.249996,0.405575
salad_bowl,64,rgb,0.433951,28.485357,0.841087,4.919521,0.177360,0.340382
salad_bowl,64,xyz,0.434927,25.133080,0.828050,7.158174,0.191951,0.330931
salad_bowl,256,luv,0.445780,28.967059,0.839640,2.628741,0.166075,0.298840
salad_bowl,256,rgb,0.572635,33.022919,0.914942,2.921880,0.075660,0.210272
salad_bowl,256,xyz,0.545005,29.264735,0.894505,4.389831,0.072729,0.164129
schoolgirls,4,luv,0.120250,15.840444,0.416993,14.836888,0.494365,0.622777
schoolgirls,4,rgb,0.187494,18.167708,0.569268,14.669630,0.394814,0.575049
schoolgirls,4,xyz,0.219301,16.856985,0.621313,17.159887,0.419112,0.566443
schoolgirls,16,luv,0.247814,20.711744,0.676031,8.691948,0.222252,0.420926
schoolgirls,16,rgb,0.357426,23.408602,0.805695,9.088481,0.157295,0.313482
schoolgirls,16,xyz,0.341996,20.817085,0.760767,11.937847,0.245716,0.366514
schoolgirls,64,luv,0.381292,25.089366,0.824659,5.338781,0.097709,0.234073
schoolgirls,64,rgb,0.501705,28.210684,0.907027,5.793991,0.054332,0.153924
schoolgirls,64,xyz,0.466775,24.874884,0.867157,8.005466,0.110080,0.202425
schoolgirls,256,luv,0.513341,29.002837,0.910686,3.365185,0.040221,0.126653
schoolgirls,256,rgb,0.624516,32.439884,0.955871,3.812000,0.017345,0.067527
schoolgirls,256,xyz,0.587910,28.587842,0.928553,5.539278,0.049295,0.094827
seattle_great_wheel,4,luv,0.148664,16.044375,0.386377,11.682484,0.316791,0.430019
seattle_great_wheel,4,rgb,0.207383,19.019834,0.562484,8.767667,0.207677,0.320741
seattle_great_wheel,4,xyz,0.165520,15.823034,0.411856,14.747945,0.334353,0.418632
seattle_great_wheel,16,luv,0.304152,23.137966,0.721868,5.331534,0.094844,0.221834
seattle_great_wheel,16,rgb,0.375650,25.423292,0.811688,5.046572,0.053383,0.169696
seattle_great_wheel,16,xyz,0.301747,21.182841,0.670859,7.208441,0.113075,0.205395
seattle_great_wheel,64,luv,0.429624,26.945345,0.851179,3.178469,0.038981,0.124477
seattle_great_wheel,64,rgb,0.528831,30.297288,0.924990,2.818869,0.016170,0.081700
seattle_great_wheel,64,xyz,0.429288,24.957508,0.833890,4.372486,0.044586,0.125055
seattle_great_wheel,256,luv,0.553938,30.697383,0.924803,1.883740,0.015551,0.082288
seattle_great_wheel,256,rgb,0.660469,34.761064,0.969906,1.760409,0.004130,0.037197
seattle_great_wheel,256,xyz,0.542389,28.082169,0.891704,2.953110,0.025379,0.092859
shawls,4,luv,0.082702,13.976007,0.317900,17.456828,0.457239,0.614878
shawls,4,rgb,0.176279,17.695717,0.571582,15.434958,0.332651,0.519048
shawls,4,xyz,0.145889,15.884206,0.506691,18.580930,0.441134,0.582628
shawls,16,luv,0.248703,20.710661,0.688915,8.057433,0.153879,0.334251
shawls,16,rgb,0.320430,23.059483,0.791394,8.451378,0.108350,0.255548
shawls,16,xyz,0.322137,20.192247,0.752207,12.193319,0.197914,0.285627
shawls,64,luv,0.390813,25.301684,0.839602,4.502693,0.056604,0.138578
shawls,64,rgb,0.485007,28.186578,0.914112,4.766299,0.032834,0.084597
shawls,64,xyz,0.428047,24.083335,0.840267,7.471559,0.091015,0.143402
shawls,256,luv,0.530700,29.053072,0.912299,2.767525,0.021957,0.053528
shawls,256,rgb,0.629692,32.827564,0.964650,2.904166,0.010157,0.027383
shawls,256,xyz,0.551459,27.467754,0.900155,4.665217,0.041595,0.063282
shopping_bags,4,luv,0.263827,24.884332,0.941625,2.848983,0.074485,0.091577
shopping_bags,4,rgb,0.288920,25.149561,0.948399,2.850215,0.071244,0.089809
shopping_bags,4,xyz,0.266909,23.083620,0.932161,3.601060,0.097670,0.103860
shopping_bags,16,luv,0.436536,34.999887,0.973465,0.449934,0.037051,0.068585
shopping_bags,16,rgb,0.485464,36.887017,0.980709,0.445091,0.027187,0.062165
shopping_bags,16,xyz,0.458284,32.473433,0.969805,0.820000,0.036066,0.066118
shopping_bags,64,luv,0.614704,40.613511,0.985753,0.219741,0.014870,0.058791
shopping_bags,64,rgb,0.692139,43.488499,0.990869,0.213727,0.008252,0.052015
shopping_bags,64,xyz,0.631062,39.268122,0.984231,0.241097,0.008945,0.044598
shopping_bags,256,luv,0.775565,45.842895,0.994438,0.104700,0.002514,0.025730
shopping_bags,256,rgb,0.848304,49.778296,0.997087,0.108036,0.000993,0.016163
shopping_bags,256,xyz,0.776963,44.538240,0.994207,0.113413,0.001376,0.010847
siberian_tiger,4,luv,0.196733,21.877719,0.687368,7.693482,0.341335,0.562107
siberian_tiger,4,rgb,0.247015,23.328887,0.731438,7.691182,0.321523,0.544674
siberian_tiger,4,xyz,0.164464,19.444947,0.620249,10.656178,0.489711,0.636237
siberian_tiger,16,luv,0.362443,27.644849,0.813802,3.839691,0.210657,0.401371
siberian_tiger,16,rgb,0.467197,30.066611,0.888269,4.215898,0.164118,0.342186
siberian_tiger,16,xyz,0.381868,26.882283,0.781784,6.313035,0.254059,0.448085
siberian_tiger,64,luv,0.518975,31.951772,0.916386,2.438227,0.092855,0.253330
siberian_tiger,64,rgb,0.631907,35.210717,0.961903,2.661672,0.033090,0.130855
siberian_tiger,64,xyz,0.554348,32.419401,0.893116,3.944289,0.101609,0.270538
siberian_tiger,256,luv,0.641362,35.516725,0.962025,1.591701,0.026501,0.109172
siberian_tiger,256,rgb,0.742800,39.144832,0.984198,1.849338,0.009777,0.042200
siberian_tiger,256,xyz,0.677145,36.024578,0.962828,2.916297,0.028559,0.086153
skiers,4,luv,0.145774,19.108156,0.597821,9.161358,0.362985,0.547623
skiers,4,rgb,0.195275,20.888390,0.666485,8.989524,0.397901,0.560140
skiers,4,xyz,0.227364,18.912839,0.671536,11.104045,0.389649,0.544603
skiers,16,luv,0.263724,24.181022,0.736527,5.207474,0.261891,0.445314
skiers,16,rgb,0.418016,26.959921,0.857133,5.396021,0.130309,0.299214
skiers,16,xyz,0.395859,24.832170,0.842800,6.685439,0.156759,0.292213
skiers,64,luv,0.455672,28.584976,0.881469,3.249379,0.087813,0.217729
skiers,64,rgb,0.590670,32.007691,0.942300,3.285723,0.040046,0.116458
skiers,64,xyz,0.561531,28.713108,0.929232,4.546340,0.063434,0.132974
skiers,256,luv,0.606913,32.866150,0.946844,2.049323,0.027874,0.098821
skiers,256,rgb,0.722263,36.428633,0.975669,2.287512,0.010889,0.042228
skiers,256,xyz,0.673757,32.787176,0.963309,3.036824,0.022688,0.058073
spices,4,luv,0.208187,19.261055,0.553767,9.848299,0.347030,0.553790
spices,4,rgb,0.301954,21.240956,0.676001,9.548500,0.272451,0.456752
spices,4,xyz,0.242726,19.164412,0.584412,11.965765,0.372562,0.562614
spices,16,luv,0.343869,23.665115,0.718365,5.789841,0.159211,0.335117
spices,16,rgb,0.462567,26.725595,0.825916,6.147116,0.111141,0.243443
spices,16,xyz,0.433116,23.867679,0.772040,7.835166,0.153555,0.282324
spices,64,luv,0.481606,28.081468,0.840070,3.515245,0.070780,0.192111
spices,64,rgb,0.606179,31.624391,0.927878,3.838816,0.039867,0.117244
spices,64,xyz,0.556131,27.798100,0.855442,5.483853,0.076435,0.142231
spices,256,luv,0.617120,32.405923,0.927142,2.135204,0.027632,0.093420
spices,256,rgb,0.722732,36.117013,0.970920,2.373415,0.011644,0.044009
spices,256,xyz,0.670343,32.089910,0.922428,3.769878,0.033303,0.074307
sports_bicycles,4,luv,0.156845,16.781753,0.547530,13.253778,0.397274,0.540356
sports_bicycles,4,rgb,0.208778,18.206200,0.636603,12.952595,0.356254,0.510122
sports_bicycles,4,xyz,0.196441,16.245199,0.601615,17.404376,0.436669,0.594598
sports_bicycles,16,luv,0.275685,21.205242,0.720046,7.958034,0.221374,0.374391
sports_bicycles,16,rgb,0.366680,23.827200,0.804196,7.998038,0.159682,0.317743
sports_bicycles,16,xyz,0.331012,21.376554,0.767003,10.221421,0.214333,0.357018
sports_bicycles,64,luv,0.398053,25.208144,0.827494,5.058667,0.129524,0.265267
sports_bicycles,64,rgb,0.509451,28.575606,0.898897,5.231879,0.058757,0.188953
sports_bicycles,64,xyz,0.465336,25.864309,0.868645,6.669969,0.088175,0.209899
sports_bicycles,256,luv,0.528231,29.346886,0.903314,3.124470,0.063519,0.175896
sports_bicycles,256,rgb,0.634184,32.869967,0.949454,3.466802,0.017784,0.093031
sports_bicycles,256,xyz,0.586916,29.210314,0.928388,4.882351,0.038353,0.094899
sun_parakeet,4,luv,0.148757,20.869107,0.616732,8.710795,0.541479,0.589733
sun_parakeet,4,rgb,0.159841,21.198774,0.625721,8.788294,0.541074,0.591555
sun_parakeet,4,xyz,0.212870,18.939656,0.644039,10.907455,0.542184,0.576387
sun_parakeet,16,luv,0.322796,26.149011,0.775699,4.743642,0.409852,0.476203
sun_parakeet,16,rgb,0.455653,28.369199,0.857750,5.414918,0.356212,0.439809
sun_parakeet,16,xyz,0.430170,25.950333,0.828639,6.339903,0.352342,0.447285
sun_parakeet,64,luv,0.475564,30.237370,0.873963,2.891525,0.279031,0.375942
sun_parakeet,64,rgb,0.588348,33.214927,0.922901,3.113408,0.170324,0.323968
sun_parakeet,64,xyz,0.598743,30.016029,0.908059,4.992514,0.204598,0.314179
sun_parakeet,256,luv,0.608112,34.190288,0.927669,1.760663,0.150499,0.291440
sun_parakeet,256,rgb,0.718628,37.696291,0.962048,2.033680,0.060989,0.198218
sun_parakeet,256,xyz,0.704749,34.132667,0.946535,3.205998,0.078230,0.195819
tablet,4,luv,0.077389,18.666258,0.864765,6.468285,0.274204,0.281717
tablet,4,rgb,0.206077,20.862141,0.898452,6.022725,0.221757,0.253558
tablet,4,xyz,0.219434,19.475233,0.893941,6.787910,0.231616,0.278798
tablet,16,luv,0.262829,27.178536,0.913978,1.947016,0.126298,0.177921
tablet,16,rgb,0.316281,28.048253,0.928318,2.240847,0.108748,0.162888
tablet,16,xyz,0.345754,25.034829,0.917335,2.582273,0.124832,0.169326
tablet,64,luv,0.490740,32.854719,0.953966,0.862780,0.052444,0.117114
tablet,64,rgb,0.556601,35.633704,0.966527,0.847176,0.035317,0.098350
tablet,64,xyz,0.558158,32.596743,0.965519,0.927542,0.032976,0.073505
tablet,256,luv,0.645842,39.354726,0.977098,0.388469,0.019564,0.076414
tablet,256,rgb,0.733472,42.352348,0.986186,0.437193,0.007090,0.033156
tablet,256,xyz,0.707687,38.468416,0.981841,0.464002,0.010706,0.026833
textile_market,4,luv,0.065179,15.225347,0.307918,14.949594,0.428139,0.542495
textile_market,4,rgb,0.153823,17.602666,0.534915,12.023885,0.330176,0.457996
textile_market,4,xyz,0.101372,15.904708,0.419872,14.339095,0.399953,0.546896
textile_market,16,luv,0.224755,21.156960,0.641877,6.601094,0.152511,0.314622
textile_market,16,rgb,0.302391,23.285723,0.766267,6.242735,0.111381,0.248561
textile_market,16,xyz,0.250896,20.458928,0.681975,8.382303,0.163608,0.305350
textile_market,64,luv,0.351315,24.911371,0.788983,4.103600,0.071407,0.198614
textile_market,64,rgb,0.460446,28.204295,0.892052,3.785605,0.034286,0.126959
textile_market,64,xyz,0.373108,24.266510,0.789653,5.284236,0.073017,0.167818
textile_market,256,luv,0.487025,28.840592,0.887058,2.516012,0.028805,0.106741
textile_market,256,rgb,0.594257,32.442368,0.950180,2.392451,0.010222,0.061051
textile_market,256,xyz,0.497784,27.851509,0.877848,3.535718,0.033166,0.088149
trade_fair_tower,4,luv,0.125442,21.665473,0.754851,6.293693,0.345902,0.447314
trade_fair_tower,4,rgb,0.177167,23.345088,0.806933,5.937783,0.273163,0.402535
trade_fair_tower,4,xyz,0.168868,20.996089,0.776682,7.055281,0.400283,0.490224
trade_fair_tower,16,luv,0.288299,27.553492,0.849550,2.930092,0.239934,0.358927
trade_fair_tower,16,rgb,0.406836,30.382770,0.901856,2.934592,0.200088,0.335129
trade_fair_tower,16,xyz,0.391670,27.288780,0.878863,3.563667,0.210186,0.350054
trade_fair_tower,64,luv,0.499562,34.153897,0.927221,1.497932,0.138554,0.305214
trade_fair_tower,64,rgb,0.610954,36.607907,0.956096,1.514911,0.082705,0.258100
trade_fair_tower,64,xyz,0.563302,32.990673,0.936749,1.941925,0.082817,0.256860
trade_fair_tower,256,luv,0.667921,39.047910,0.965788,0.881520,0.056500,0.225330
trade_fair_tower,256,rgb,0.766206,42.119287,0.981544,0.931360,0.025811,0.158443
trade_fair_tower,256,xyz,0.723110,37.957138,0.971602,1.203101,0.021305,0.108966
traffic,4,luv,0.240145,18.836215,0.671350,11.053217,0.310395,0.490776
traffic,4,rgb,0.239874,19.319397,0.663050,11.151627,0.323629,0.506947
traffic,4,xyz,0.219500,17.757058,0.599390,13.310344,0.434613,0.562945
traffic,16,luv,0.359627,23.554584,0.803893,5.890467,0.129698,0.282470
traffic,16,rgb,0.474003,25.960407,0.882036,6.635055,0.103802,0.211465
traffic,16,xyz,0.404240,22.872283,0.821899,8.376708,0.194699,0.316733
traffic,64,luv,0.505161,28.116681,0.898962,3.594706,0.050429,0.145767
traffic,64,rgb,0.600342,31.148847,0.942236,3.890797,0.028495,0.095137
traffic,64,xyz,0.545710,27.705494,0.916180,5.408820,0.082375,0.148393
traffic,256,luv,0.630925,32.215433,0.951701,2.309522,0.017574,0.065155
traffic,256,rgb,0.727537,35.773222,0.977496,2.633987,0.008294,0.032175
traffic,256,xyz,0.665497,31.035688,0.956367,3.763193,0.036776,0.069678
tulip_field,4,luv,0.095797,15.625277,0.437484,12.537734,0.403212,0.542224
tulip_field,4,rgb,0.131098,16.461577,0.482833,13.586439,0.340345,0.527520
tulip_field,4,xyz,0.120203,14.926258,0.458531,18.497808,0.526484,0.635828
tulip_field,16,luv,0.232063,20.519874,0.665807,6.792714,0.175930,0.336838
tulip_field,16,rgb,0.325359,23.119650,0.780590,6.807338,0.114183,0.288813
tulip_field,16,xyz,0.255292,19.806830,0.682818,9.423897,0.209195,0.392544
tulip_field,64,luv,0.374243,24.741217,0.809369,3.934509,0.076576,0.203320
tulip_field,64,rgb,0.487810,28.222369,0.893593,4.045639,0.042633,0.154841
tulip_field,64,xyz,0.415228,24.369930,0.831425,5.139528,0.088512,0.192464
tulip_field,256,luv,0.508451,28.439874,0.894475,2.405698,0.035741,0.128806
tulip_field,256,rgb,0.629107,32.788603,0.953615,2.526499,0.012637,0.067485
tulip_field,256,xyz,0.539092,28.237213,0.904935,3.457812,0.033452,0.080796
umbrellas,4,luv,0.137251,15.826589,0.497522,13.940203,0.415902,0.550294
umbrellas,4,rgb,0.205396,17.099830,0.613334,13.680860,0.369166,0.520674
umbrellas,4,xyz,0.155198,16.078945,0.504948,15.545190,0.459783,0.574343
umbrellas,16,luv,0.256910,20.962967,0.689682,7.489976,0.197702,0.350651
umbrellas,16,rgb,0.360565,24.146065,0.801515,8.030803,0.147774,0.298675
umbrellas,16,xyz,0.330191,21.866843,0.757692,8.973095,0.195587,0.336544
umbrellas,64,luv,0.408378,26.345967,0.835398,4.167681,0.076628,0.210281
umbrellas,64,rgb,0.505913,29.240501,0.898488,4.616031,0.045869,0.150690
umbrellas,64,xyz,0.453706,25.274560,0.853260,6.502837,0.105258,0.203271
umbrellas,256,luv,0.542803,30.207169,0.910657,2.498713,0.031851,0.114311
umbrellas,256,rgb,0.645460,33.866918,0.953723,2.869386,0.014425,0.069425
umbrellas,256,xyz,0.589387,29.554143,0.923456,4.465987,0.039112,0.096445
veggie_pizza,4,luv,0.086656,19.359062,0.662503,7.013004,0.499032,0.573957
veggie_pizza,4,rgb,0.160426,21.137197,0.703007,7.134007,0.448113,0.555253
veggie_pizza,4,xyz,0.178704,20.240029,0.696749,7.119433,0.448121,0.546625
veggie_pizza,16,luv,0.268077,24.792358,0.764487,3.801883,0.227987,0.408281
veggie_pizza,16,rgb,0.337699,27.531269,0.829011,3.654406,0.191271,0.378929
veggie_pizza,16,xyz,0.405807,25.450467,0.865780,4.063004,0.164219,0.288930
veggie_pizza,64,luv,0.436707,29.035247,0.887812,2.300280,0.084020,0.233736
veggie_pizza,64,rgb,0.567556,32.725287,0.938440,2.394368,0.048251,0.158975
veggie_pizza,64,xyz,0.593737,29.127282,0.936183,2.928914,0.055070,0.115069
veggie_pizza,256,luv,0.582112,32.993411,0.941679,1.385196,0.042564,0.138947
veggie_pizza,256,rgb,0.721350,37.279324,0.976413,1.682417,0.012202,0.062073
veggie_pizza,256,xyz,0.693623,33.185937,0.966874,1.971678,0.021527,0.044283
veggies,4,luv,0.160313,16.772225,0.566508,14.717601,0.434932,0.543356
veggies,4,rgb,0.230664,17.768198,0.648592,13.995181,0.420068,0.534971
veggies,4,xyz,0.191806,16.964492,0.578879,13.740281,0.471195,0.554057
veggies,16,luv,0.240832,21.416895,0.684011,6.943581,0.214878,0.356192
veggies,16,rgb,0.355283,24.295625,0.781213,7.674539,0.158695,0.307802
veggies,16,xyz,0.338159,22.289485,0.744733,9.170728,0.218851,0.349893
veggies,64,luv,0.403572,26.432764,0.809942,3.463442,0.094642,0.211111
veggies,64,rgb,0.513145,29.908747,0.889358,3.505872,0.051812,0.154460
veggies,64,xyz,0.462576,26.221265,0.834357,6.155866,0.099349,0.190668
veggies,256,luv,0.556705,31.071104,0.894867,1.997005,0.034981,0.111003
veggies,256,rgb,0.669385,35.080498,0.953946,2.045487,0.015593,0.066345
veggies,256,xyz,0.601634,30.665094,0.905616,3.348006,0.036091,0.077775
venetian_lagoon,4,luv,0.158112,18.043925,0.674688,11.024859,0.289942,0.467419
venetian_lagoon,4,rgb,0.231281,19.592147,0.746748,11.298088,0.241303,0.438111
venetian_lagoon,4,xyz,0.214495,18.199648,0.724932,12.105664,0.279369,0.486036
venetian_lagoon,16,luv,0.328158,24.295792,0.836263,5.563938,0.117372,0.303100
venetian_lagoon,16,rgb,0.403439,26.452600,0.875411,5.478921,0.111762,0.280351
venetian_lagoon,16,xyz,0.376202,24.051976,0.843734,6.879867,0.144213,0.311739
venetian_lagoon,64,luv,0.467679,29.436284,0.903982,2.937746,0.063456,0.222816
venetian_lagoon,64,rgb,0.563013,32.337816,0.938162,3.328581,0.046685,0.183189
venetian_lagoon,64,xyz,0.517802,28.522702,0.906179,4.284491,0.061498,0.191548
venetian_lagoon,256,luv,0.595100,33.467989,0.945033,1.837344,0.039104,0.155209
venetian_lagoon,256,rgb,0.698011,36.924006,0.970636,2.162884,0.015394,0.107520
venetian_lagoon,256,xyz,0.639547,32.989029,0.953415,2.971063,0.022321,0.099897
vintage_cars,4,luv,0.137600,15.403773,0.458093,13.427759,0.508197,0.596269
vintage_cars,4,rgb,0.183324,17.962890,0.566115,15.085114,0.532136,0.657152
vintage_cars,4,xyz,0.222691,16.300348,0.587346,17.131334,0.573755,0.629735
vintage_cars,16,luv,0.276628,21.731443,0.692977,6.659629,0.331936,0.450615
vintage_cars,16,rgb,0.371459,24.458493,0.783656,7.012545,0.306269,0.426865
vintage_cars,16,xyz,0.343221,21.764703,0.736153,8.960168,0.341347,0.458977
vintage_cars,64,luv,0.433394,26.974462,0.840623,3.705252,0.218470,0.338601
vintage_cars,64,rgb,0.544537,30.151710,0.907509,4.024177,0.139447,0.270691
vintage_cars,64,xyz,0.495069,26.852044,0.861004,5.152848,0.172620,0.297545
vintage_cars,256,luv,0.581138,31.460422,0.921486,2.235398,0.120230,0.212061
vintage_cars,256,rgb,0.687507,34.815149,0.959546,2.509187,0.039606,0.126640
vintage_cars,256,xyz,0.645134,31.182450,0.934259,3.399127,0.060660,0.151804
wooden_toys,4,luv,0.093082,17.069612,0.689707,9.736963,0.435266,0.576673
wooden_toys,4,rgb,0.198198,19.985470,0.755918,8.463179,0.439516,0.581531
wooden_toys,4,xyz,0.208880,18.359928,0.725134,8.836691,0.499407,0.593046
wooden_toys,16,luv,0.237847,24.296822,0.769087,4.817486,0.352253,0.505416
wooden_toys,16,rgb,0.331790,26.615970,0.825284,4.942970,0.325516,0.481919
wooden_toys,16,xyz,0.336430,23.090459,0.803115,5.852027,0.358018,0.504306
wooden_toys,64,luv,0.399976,29.702481,0.851681,2.555369,0.232972,0.406286
wooden_toys,64,rgb,0.525422,32.852305,0.912552,2.685316,0.138287,0.313147
wooden_toys,64,xyz,0.512377,28.117949,0.892654,3.659917,0.142662,0.305494
wooden_toys,256,luv,0.564279,34.627577,0.922743,1.477895,0.111298,0.265747
wooden_toys,256,rgb,0.699582,38.160069,0.965486,1.666129,0.040634,0.142608
wooden_toys,256,xyz,0.671998,33.825154,0.949042,2.106543,0.034575,0.118507
wool_carder_bee,4,luv,0.079350,17.652350,0.481491,12.207630,0.521504,0.588529
wool_carder_bee,4,rgb,0.135196,19.406354,0.578145,13.271628,0.497485,0.604529
wool_carder_bee,4,xyz,0.136825,17.851353,0.548047,15.155365,0.542122,0.661433
wool_carder_bee,16,luv,0.204826,22.268172,0.652874,6.528587,0.338228,0.471239
wool_carder_bee,16,rgb,0.282896,25.225922,0.742685,7.171617,0.296666,0.462738
wool_carder_bee,16,xyz,0.266161,21.827593,0.670799,10.246264,0.358886,0.504995
wool_carder_bee,64,luv,0.342221,26.464269,0.765931,3.819354,0.206123,0.358651
wool_carder_bee,64,rgb,0.419739,29.935108,0.840777,3.963909,0.166674,0.337375
wool_carder_bee,64,xyz,0.391717,26.213979,0.781301,6.220944,0.189886,0.325859
wool_carder_bee,256,luv,0.471794,30.266980,0.846594,2.264385,0.140416,0.254388
wool_carder_bee,256,rgb,0.569248,34.448884,0.915520,2.370394,0.069519,0.198496
wool_carder_bee,256,xyz,0.508193,30.349414,0.861545,3.775752,0.090546,0.194755
yasaka_pagoda,4,luv,0.242994,20.613380,0.736246,7.784643,0.259829,0.449097
yasaka_pagoda,4,rgb,0.270452,22.813448,0.745410,7.619144,0.295704,0.469448
yasaka_pagoda,4,xyz,0.238914,21.654864,0.702251,8.224726,0.340569,0.500175
yasaka_pagoda,16,luv,0.405701,27.233834,0.852088,3.942012,0.142061,0.311550
yasaka_pagoda,16,rgb,0.500991,29.684361,0.891352,3.960616,0.138028,0.283667
yasaka_pagoda,16,xyz,0.469594,27.735572,0.875631,4.832439,0.165949,0.323524
yasaka_pagoda,64,luv,0.578493,32.830138,0.923294,2.281931,0.079256,0.211032
yasaka_pagoda,64,rgb,0.674967,35.318790,0.953303,2.379734,0.055851,0.160705
yasaka_pagoda,64,xyz,0.635488,32.576660,0.945219,3.251103,0.058781,0.175185
yasaka_pagoda,256,luv,0.718175,37.318581,0.965578,1.456499,0.031928,0.128404
yasaka_pagoda,256,rgb,0.812084,40.407116,0.983647,1.614670,0.013140,0.073211
yasaka_pagoda,256,xyz,0.771074,37.470905,0.978168,2.084558,0.015772,0.059855
