image,method,n_colors,psnr,ssim,time_ms,png_bytes
kodim01.png,pw_lab,16,31.259,0.9227,1352.5,119403
kodim01.png,pw_lab_now,16,31.029,0.9205,1335.5,118833
kodim01.png,pw_rgb_w,16,32.705,0.9432,1261.0,124032
kodim01.png,pw_lab,32,33.237,0.9444,2644.8,145733
kodim01.png,pw_lab_now,32,33.494,0.9457,2542.3,146256
kodim01.png,pw_rgb_w,32,35.373,0.9663,2289.4,167193
kodim01.png,pw_lab,64,34.977,0.9622,5360.6,186269
kodim01.png,pw_lab_now,64,34.813,0.9595,5427.5,184594
kodim01.png,pw_rgb_w,64,37.715,0.9786,5158.2,204389
kodim01.png,pw_lab,128,37.616,0.9749,9878.4,230627
kodim01.png,pw_lab_now,128,37.656,0.975,9859.7,230646
kodim01.png,pw_rgb_w,128,39.735,0.9864,9710.5,252053
kodim01.png,pw_lab,256,39.566,0.9838,20062.6,286955
kodim01.png,pw_lab_now,256,39.474,0.9836,20543.5,287114
kodim01.png,pw_rgb_w,256,41.579,0.9909,19114.7,306107
kodim02.png,pw_lab,16,31.013,0.8864,1245.5,105350
kodim02.png,pw_lab_now,16,31.237,0.8864,1145.8,105536
kodim02.png,pw_rgb_w,16,33.242,0.9184,1114.2,114856
kodim02.png,pw_lab,32,34.044,0.9287,1943.1,148272
kodim02.png,pw_lab_now,32,33.93,0.9277,2065.3,148017
kodim02.png,pw_rgb_w,32,35.312,0.9517,2042.8,163875
kodim02.png,pw_lab,64,35.768,0.9534,4408.6,195530
kodim02.png,pw_lab_now,64,35.578,0.9541,4729.5,196462
kodim02.png,pw_rgb_w,64,37.685,0.9701,4621.4,209626
kodim02.png,pw_lab,128,38.043,0.9722,8581.1,252760
kodim02.png,pw_lab_now,128,38.12,0.9722,8021.7,251008
kodim02.png,pw_rgb_w,128,39.728,0.9817,8842.5,265021
kodim02.png,pw_lab,256,40.189,0.9838,15392.8,309262
kodim02.png,pw_lab_now,256,40.192,0.9836,16396.2,307098
kodim02.png,pw_rgb_w,256,41.908,0.989,15229.2,319743
kodim03.png,pw_lab,16,25.08,0.7808,1107.2,33515
kodim03.png,pw_lab_now,16,25.084,0.7762,1196.4,33484
kodim03.png,pw_rgb_w,16,27.795,0.8479,1219.5,54104
kodim03.png,pw_lab,32,28.223,0.8406,2594.0,45690
kodim03.png,pw_lab_now,32,28.179,0.8381,2596.7,44529
kodim03.png,pw_rgb_w,32,30.103,0.877,2678.6,62425
kodim03.png,pw_lab,64,31.177,0.8851,4419.0,71660
kodim03.png,pw_lab_now,64,31.078,0.8874,4025.8,73324
kodim03.png,pw_rgb_w,64,32.882,0.9189,3989.6,86761
kodim03.png,pw_lab,128,33.856,0.924,7831.5,104715
kodim03.png,pw_lab_now,128,33.768,0.9226,8579.1,105522
kodim03.png,pw_rgb_w,128,35.803,0.9482,7362.6,121424
kodim03.png,pw_lab,256,35.81,0.9465,15739.8,144726
kodim03.png,pw_lab_now,256,35.901,0.9471,17105.6,145387
kodim03.png,pw_rgb_w,256,37.939,0.9643,16439.4,163602
kodim04.png,pw_lab,16,27.61,0.7593,1381.1,60051
kodim04.png,pw_lab_now,16,27.554,0.7592,1427.7,60139
kodim04.png,pw_rgb_w,16,29.165,0.8185,1127.7,72662
kodim04.png,pw_lab,32,30.076,0.8369,2142.1,81620
kodim04.png,pw_lab_now,32,29.999,0.8357,2272.3,81197
kodim04.png,pw_rgb_w,32,32.212,0.8957,2184.9,98925
kodim04.png,pw_lab,64,32.837,0.8903,4116.4,112229
kodim04.png,pw_lab_now,64,32.732,0.8899,4066.3,112128
kodim04.png,pw_rgb_w,64,34.633,0.9348,3943.8,136017
kodim04.png,pw_lab,128,35.042,0.9254,9069.2,153076
kodim04.png,pw_lab_now,128,35.011,0.925,7833.8,151624
kodim04.png,pw_rgb_w,128,36.869,0.956,7927.1,175537
kodim04.png,pw_lab,256,37.016,0.9487,16584.3,200472
kodim04.png,pw_lab_now,256,37.052,0.95,15452.6,202669
kodim04.png,pw_rgb_w,256,39.146,0.9724,16419.1,230368
kodim05.png,pw_lab,16,25.456,0.8321,1282.6,105688
kodim05.png,pw_lab_now,16,25.49,0.8311,1303.3,104857
kodim05.png,pw_rgb_w,16,26.977,0.8977,1228.0,121238
kodim05.png,pw_lab,32,27.631,0.8739,2216.6,123208
kodim05.png,pw_lab_now,32,27.734,0.8783,2133.1,122960
kodim05.png,pw_rgb_w,32,29.79,0.9226,2017.4,143846
kodim05.png,pw_lab,64,29.907,0.9161,4373.3,159980
kodim05.png,pw_lab_now,64,29.904,0.9165,4624.0,160692
kodim05.png,pw_rgb_w,64,32.064,0.951,4282.0,179026
kodim05.png,pw_lab,128,31.884,0.943,7667.0,205889
kodim05.png,pw_lab_now,128,31.764,0.9432,7977.1,205483
kodim05.png,pw_rgb_w,128,34.199,0.9688,8406.5,225263
kodim05.png,pw_lab,256,33.741,0.9613,15875.4,256611
kodim05.png,pw_lab_now,256,33.697,0.9612,16137.7,257507
kodim05.png,pw_rgb_w,256,36.11,0.9794,15153.2,279776
kodim06.png,pw_lab,16,29.879,0.8797,1067.0,87449
kodim06.png,pw_lab_now,16,29.716,0.8747,1142.9,86449
kodim06.png,pw_rgb_w,16,31.133,0.9172,1009.9,96596
kodim06.png,pw_lab,32,32.546,0.9238,2001.1,103634
kodim06.png,pw_lab_now,32,32.539,0.9239,2331.2,103214
kodim06.png,pw_rgb_w,32,33.881,0.9458,2166.0,118360
kodim06.png,pw_lab,64,34.457,0.9474,4609.0,135255
kodim06.png,pw_lab_now,64,34.39,0.947,3783.3,135666
kodim06.png,pw_rgb_w,64,36.447,0.9658,3626.2,156643
kodim06.png,pw_lab,128,36.554,0.9641,7354.9,177084
kodim06.png,pw_lab_now,128,36.604,0.9645,8050.8,177793
kodim06.png,pw_rgb_w,128,38.686,0.9803,8660.3,198679
kodim06.png,pw_lab,256,38.249,0.9763,14804.8,228538
kodim06.png,pw_lab_now,256,38.198,0.9756,15631.0,228380
kodim06.png,pw_rgb_w,256,40.563,0.9869,14258.3,252442
kodim07.png,pw_lab,16,28.443,0.8507,1127.6,55828
kodim07.png,pw_lab_now,16,28.353,0.851,1117.3,55675
kodim07.png,pw_rgb_w,16,29.833,0.8838,1048.6,71456
kodim07.png,pw_lab,32,30.865,0.8936,2269.4,72397
kodim07.png,pw_lab_now,32,30.962,0.8941,2288.1,75428
kodim07.png,pw_rgb_w,32,32.25,0.9289,2128.4,89030
kodim07.png,pw_lab,64,33.034,0.9264,4185.1,107346
kodim07.png,pw_lab_now,64,32.911,0.9255,4050.3,107877
kodim07.png,pw_rgb_w,64,34.987,0.952,3866.2,124600
kodim07.png,pw_lab,128,34.866,0.947,7607.7,146029
kodim07.png,pw_lab_now,128,34.911,0.9483,8536.5,146515
kodim07.png,pw_rgb_w,128,36.998,0.9693,7482.2,166118
kodim07.png,pw_lab,256,36.743,0.9655,14371.4,196136
kodim07.png,pw_lab_now,256,36.714,0.9657,15375.5,196291
kodim07.png,pw_rgb_w,256,39.079,0.9805,14356.9,217950
kodim08.png,pw_lab,16,27.002,0.8763,1227.3,92266
kodim08.png,pw_lab_now,16,27.002,0.8764,1342.3,92196
kodim08.png,pw_rgb_w,16,28.541,0.9168,1180.5,110886
kodim08.png,pw_lab,32,29.718,0.913,2272.0,118565
kodim08.png,pw_lab_now,32,29.675,0.9123,2227.8,118803
kodim08.png,pw_rgb_w,32,31.395,0.9401,1844.4,146027
kodim08.png,pw_lab,64,32.029,0.9406,3912.5,155419
kodim08.png,pw_lab_now,64,32.0,0.9407,3729.6,155559
kodim08.png,pw_rgb_w,64,34.102,0.9631,3722.2,187670
kodim08.png,pw_lab,128,34.332,0.9615,7539.6,204750
kodim08.png,pw_lab_now,128,34.366,0.9623,8547.0,205196
kodim08.png,pw_rgb_w,128,36.461,0.9796,7398.6,237999
kodim08.png,pw_lab,256,36.337,0.9759,14673.6,265461
kodim08.png,pw_lab_now,256,36.391,0.976,15382.5,265849
kodim08.png,pw_rgb_w,256,38.544,0.9867,14577.3,294149
kodim09.png,pw_lab,16,30.051,0.8722,1224.0,68341
kodim09.png,pw_lab_now,16,30.159,0.8817,1216.4,72406
kodim09.png,pw_rgb_w,16,30.689,0.9028,1137.7,81366
kodim09.png,pw_lab,32,32.115,0.9147,2148.1,99098
kodim09.png,pw_lab_now,32,32.09,0.9143,1954.7,97036
kodim09.png,pw_rgb_w,32,33.505,0.9376,1750.7,111193
kodim09.png,pw_lab,64,33.75,0.9362,3899.2,143988
kodim09.png,pw_lab_now,64,33.874,0.9378,3640.2,142746
kodim09.png,pw_rgb_w,64,35.869,0.9591,3697.2,150287
kodim09.png,pw_lab,128,36.158,0.9555,7551.7,182656
kodim09.png,pw_lab_now,128,36.072,0.9562,8153.4,183998
kodim09.png,pw_rgb_w,128,38.018,0.9707,7395.3,195866
kodim09.png,pw_lab,256,37.88,0.9686,14815.7,235738
kodim09.png,pw_lab_now,256,37.761,0.9691,14972.0,235347
kodim09.png,pw_rgb_w,256,40.069,0.9807,14827.1,252157
kodim10.png,pw_lab,16,30.146,0.8576,1354.1,69807
kodim10.png,pw_lab_now,16,30.145,0.8565,1323.2,69805
kodim10.png,pw_rgb_w,16,30.881,0.8795,1157.5,77433
kodim10.png,pw_lab,32,32.153,0.8849,2030.4,90343
kodim10.png,pw_lab_now,32,32.116,0.8862,2065.8,90226
kodim10.png,pw_rgb_w,32,33.689,0.9217,1920.8,107221
kodim10.png,pw_lab,64,34.395,0.9247,3888.0,125592
kodim10.png,pw_lab_now,64,34.432,0.9241,3856.2,123935
kodim10.png,pw_rgb_w,64,36.144,0.9481,3836.9,140261
kodim10.png,pw_lab,128,36.469,0.9469,8265.8,169786
kodim10.png,pw_lab_now,128,36.518,0.9466,7909.2,169991
kodim10.png,pw_rgb_w,128,38.334,0.9685,7506.9,188960
kodim10.png,pw_lab,256,38.183,0.963,15960.3,224839
kodim10.png,pw_lab_now,256,38.382,0.9631,14548.1,224964
kodim10.png,pw_rgb_w,256,40.373,0.9803,15543.1,243809
kodim11.png,pw_lab,16,28.842,0.8458,1080.2,73347
kodim11.png,pw_lab_now,16,28.811,0.8482,1108.1,73429
kodim11.png,pw_rgb_w,16,29.811,0.8997,1019.1,84865
kodim11.png,pw_lab,32,30.864,0.8969,1945.1,92692
kodim11.png,pw_lab_now,32,30.829,0.8958,1848.0,92187
kodim11.png,pw_rgb_w,32,32.623,0.9321,1804.0,112995
kodim11.png,pw_lab,64,33.197,0.9318,3985.0,129047
kodim11.png,pw_lab_now,64,33.073,0.9305,3649.0,128550
kodim11.png,pw_rgb_w,64,35.121,0.9558,3755.6,152541
kodim11.png,pw_lab,128,35.274,0.9536,8591.6,172946
kodim11.png,pw_lab_now,128,35.279,0.9546,7718.3,173651
kodim11.png,pw_rgb_w,128,36.99,0.9726,7685.0,194965
kodim11.png,pw_lab,256,36.816,0.9686,15976.0,221104
kodim11.png,pw_lab_now,256,36.724,0.9683,15134.9,221270
kodim11.png,pw_rgb_w,256,39.149,0.983,15614.4,241740
kodim12.png,pw_lab,16,28.165,0.8348,1094.3,53311
kodim12.png,pw_lab_now,16,28.157,0.8335,1099.4,54003
kodim12.png,pw_rgb_w,16,30.134,0.8633,994.9,66374
kodim12.png,pw_lab,32,30.244,0.8789,1929.2,77737
kodim12.png,pw_lab_now,32,30.283,0.879,2014.6,76959
kodim12.png,pw_rgb_w,32,32.737,0.9124,1925.2,89134
kodim12.png,pw_lab,64,34.388,0.9177,3869.9,107574
kodim12.png,pw_lab_now,64,34.354,0.9182,3822.6,108218
kodim12.png,pw_rgb_w,64,35.851,0.9456,4262.5,128702
kodim12.png,pw_lab,128,36.415,0.9429,7690.4,145062
kodim12.png,pw_lab_now,128,36.434,0.9424,7714.7,145524
kodim12.png,pw_rgb_w,128,38.478,0.9659,7505.8,166700
kodim12.png,pw_lab,256,38.193,0.9616,15789.2,191683
kodim12.png,pw_lab_now,256,38.151,0.9623,14716.4,191293
kodim12.png,pw_rgb_w,256,40.471,0.9782,15508.4,215089
kodim13.png,pw_lab,16,28.067,0.89,1186.7,131744
kodim13.png,pw_lab_now,16,28.105,0.8902,1215.6,131520
kodim13.png,pw_rgb_w,16,29.41,0.9382,1018.9,145492
kodim13.png,pw_lab,32,30.263,0.9276,2017.6,153958
kodim13.png,pw_lab_now,32,30.238,0.9269,2066.0,153686
kodim13.png,pw_rgb_w,32,32.18,0.9582,1975.4,176500
kodim13.png,pw_lab,64,32.484,0.9531,4075.6,193158
kodim13.png,pw_lab_now,64,32.493,0.954,4445.1,193808
kodim13.png,pw_rgb_w,64,34.539,0.9746,4217.1,213228
kodim13.png,pw_lab,128,34.514,0.9711,7433.4,240071
kodim13.png,pw_lab_now,128,34.508,0.9714,7461.5,241183
kodim13.png,pw_rgb_w,128,36.714,0.9837,7629.8,258444
kodim13.png,pw_lab,256,36.451,0.9809,15412.7,296091
kodim13.png,pw_lab_now,256,36.498,0.9815,15592.7,296275
kodim13.png,pw_rgb_w,256,38.828,0.9898,14996.9,313394
kodim14.png,pw_lab,16,26.195,0.7964,1129.9,87681
kodim14.png,pw_lab_now,16,26.384,0.8019,1094.1,85825
kodim14.png,pw_rgb_w,16,27.874,0.8616,1005.8,102142
kodim14.png,pw_lab,32,28.69,0.8757,2043.3,107389
kodim14.png,pw_lab_now,32,28.206,0.871,2041.7,108114
kodim14.png,pw_rgb_w,32,30.258,0.9165,1853.5,128467
kodim14.png,pw_lab,64,30.917,0.9145,4617.5,140657
kodim14.png,pw_lab_now,64,30.864,0.9135,4222.2,140461
kodim14.png,pw_rgb_w,64,32.88,0.9471,3728.3,166399
kodim14.png,pw_lab,128,32.773,0.9425,7779.7,183311
kodim14.png,pw_lab_now,128,32.792,0.9419,7791.2,182538
kodim14.png,pw_rgb_w,128,34.85,0.9642,8807.5,213034
kodim14.png,pw_lab,256,34.808,0.9612,15026.1,237619
kodim14.png,pw_lab_now,256,34.808,0.9614,15542.7,240096
kodim14.png,pw_rgb_w,256,37.015,0.9777,14649.5,266670
kodim15.png,pw_lab,16,27.58,0.7843,1137.5,48645
kodim15.png,pw_lab_now,16,27.558,0.7842,1163.0,48694
kodim15.png,pw_rgb_w,16,28.525,0.8435,1073.7,62574
kodim15.png,pw_lab,32,29.854,0.8413,2067.9,69851
kodim15.png,pw_lab_now,32,29.816,0.8383,2284.2,70275
kodim15.png,pw_rgb_w,32,31.232,0.8964,2206.7,94789
kodim15.png,pw_lab,64,31.896,0.8808,4589.0,98618
kodim15.png,pw_lab_now,64,31.849,0.8797,3922.3,99932
kodim15.png,pw_rgb_w,64,33.866,0.9249,3705.8,121914
kodim15.png,pw_lab,128,34.089,0.9203,7491.7,139210
kodim15.png,pw_lab_now,128,33.854,0.9182,7998.1,139697
kodim15.png,pw_rgb_w,128,35.911,0.9504,7889.7,165011
kodim15.png,pw_lab,256,35.825,0.9464,15138.7,195840
kodim15.png,pw_lab_now,256,36.015,0.9477,15918.4,195245
kodim15.png,pw_rgb_w,256,37.848,0.9694,14404.6,220068
kodim16.png,pw_lab,16,31.302,0.8729,1097.3,72811
kodim16.png,pw_lab_now,16,31.352,0.8741,1090.0,73186
kodim16.png,pw_rgb_w,16,32.246,0.8966,1121.4,80844
kodim16.png,pw_lab,32,34.251,0.9189,2206.3,89338
kodim16.png,pw_lab_now,32,34.272,0.9189,2268.2,89175
kodim16.png,pw_rgb_w,32,35.734,0.9417,1992.2,100220
kodim16.png,pw_lab,64,36.704,0.9483,3805.7,121766
kodim16.png,pw_lab_now,64,36.831,0.9494,3779.4,121751
kodim16.png,pw_rgb_w,64,38.52,0.9665,3694.9,135040
kodim16.png,pw_lab,128,38.725,0.9645,7662.2,158742
kodim16.png,pw_lab_now,128,38.789,0.9655,8622.9,158483
kodim16.png,pw_rgb_w,128,40.841,0.9803,7373.7,178312
kodim16.png,pw_lab,256,40.656,0.9768,14496.6,206603
kodim16.png,pw_lab_now,256,40.635,0.9766,15772.8,207111
kodim16.png,pw_rgb_w,256,42.945,0.9873,15136.1,228981
kodim17.png,pw_lab,16,30.264,0.8559,1309.1,75064
kodim17.png,pw_lab_now,16,30.307,0.8592,1334.2,75220
kodim17.png,pw_rgb_w,16,31.098,0.8932,1177.3,87506
kodim17.png,pw_lab,32,32.621,0.9036,2433.2,106803
kodim17.png,pw_lab_now,32,32.543,0.9017,2062.5,105422
kodim17.png,pw_rgb_w,32,34.127,0.944,1869.3,123793
kodim17.png,pw_lab,64,34.903,0.9378,4212.9,144501
kodim17.png,pw_lab_now,64,34.988,0.9393,3772.7,144738
kodim17.png,pw_rgb_w,64,36.849,0.9648,3850.1,163285
kodim17.png,pw_lab,128,36.976,0.9604,8061.3,191428
kodim17.png,pw_lab_now,128,37.055,0.9601,8292.8,191045
kodim17.png,pw_rgb_w,128,39.089,0.9769,7581.6,209359
kodim17.png,pw_lab,256,38.956,0.9742,16421.7,246265
kodim17.png,pw_lab_now,256,38.774,0.974,15420.8,246519
kodim17.png,pw_rgb_w,256,40.918,0.9854,15726.8,264337
kodim18.png,pw_lab,16,26.665,0.8028,1220.5,90886
kodim18.png,pw_lab_now,16,26.625,0.8028,1219.3,90626
kodim18.png,pw_rgb_w,16,28.373,0.8815,1095.7,117773
kodim18.png,pw_lab,32,28.676,0.8637,2008.2,118894
kodim18.png,pw_lab_now,32,28.656,0.8628,2037.9,118700
kodim18.png,pw_rgb_w,32,30.661,0.9262,1990.8,147983
kodim18.png,pw_lab,64,30.683,0.9067,4112.2,161586
kodim18.png,pw_lab_now,64,30.609,0.9064,3983.0,161474
kodim18.png,pw_rgb_w,64,32.677,0.9507,4034.4,188629
kodim18.png,pw_lab,128,32.614,0.9392,8706.3,210689
kodim18.png,pw_lab_now,128,32.529,0.938,7458.7,211046
kodim18.png,pw_rgb_w,128,34.683,0.9678,7420.9,240229
kodim18.png,pw_lab,256,34.418,0.9592,16000.7,276193
kodim18.png,pw_lab_now,256,34.339,0.9589,14659.7,275961
kodim18.png,pw_rgb_w,256,36.613,0.9782,15956.8,299652
kodim19.png,pw_lab,16,29.281,0.8364,1062.9,70269
kodim19.png,pw_lab_now,16,29.278,0.8368,1032.0,70008
kodim19.png,pw_rgb_w,16,30.566,0.8971,993.0,89586
kodim19.png,pw_lab,32,31.991,0.9028,1988.8,93134
kodim19.png,pw_lab_now,32,31.957,0.9041,1941.5,95003
kodim19.png,pw_rgb_w,32,33.685,0.9387,1775.1,112842
kodim19.png,pw_lab,64,34.286,0.9374,3925.2,135894
kodim19.png,pw_lab_now,64,34.27,0.938,3959.2,135863
kodim19.png,pw_rgb_w,64,36.194,0.9624,4284.1,153299
kodim19.png,pw_lab,128,35.914,0.9565,7765.2,181154
kodim19.png,pw_lab_now,128,35.921,0.9565,7657.0,181716
kodim19.png,pw_rgb_w,128,38.15,0.976,7437.5,200894
kodim19.png,pw_lab,256,37.835,0.9719,15828.4,235765
kodim19.png,pw_lab_now,256,37.937,0.9721,14780.6,234386
kodim19.png,pw_rgb_w,256,40.205,0.9842,16135.2,256093
kodim20.png,pw_lab,16,29.112,0.8614,1086.9,64289
kodim20.png,pw_lab_now,16,29.126,0.8622,1094.4,64503
kodim20.png,pw_rgb_w,16,30.401,0.9069,1049.1,70153
kodim20.png,pw_lab,32,32.166,0.9221,2027.2,93135
kodim20.png,pw_lab_now,32,32.337,0.9219,1919.1,92461
kodim20.png,pw_rgb_w,32,33.294,0.9435,1868.1,101232
kodim20.png,pw_lab,64,34.278,0.9424,4045.1,131137
kodim20.png,pw_lab_now,64,34.353,0.9435,4549.7,130945
kodim20.png,pw_rgb_w,64,35.635,0.9617,3914.7,140481
kodim20.png,pw_lab,128,36.484,0.9618,7617.5,170298
kodim20.png,pw_lab_now,128,36.557,0.962,7731.2,171369
kodim20.png,pw_rgb_w,128,38.022,0.9761,8022.6,176707
kodim20.png,pw_lab,256,38.75,0.9765,14989.4,210592
kodim20.png,pw_lab_now,256,38.89,0.9766,15394.5,209941
kodim20.png,pw_rgb_w,256,40.794,0.9856,14807.7,215854
kodim21.png,pw_lab,16,28.975,0.8615,1096.1,80538
kodim21.png,pw_lab_now,16,28.995,0.8615,1115.3,80497
kodim21.png,pw_rgb_w,16,30.235,0.8914,1049.0,92697
kodim21.png,pw_lab,32,31.547,0.904,1989.0,97018
kodim21.png,pw_lab_now,32,31.698,0.9071,1943.2,98790
kodim21.png,pw_rgb_w,32,33.275,0.932,1969.4,109872
kodim21.png,pw_lab,64,33.642,0.9324,4696.4,131792
kodim21.png,pw_lab_now,64,33.688,0.9327,4252.0,131537
kodim21.png,pw_rgb_w,64,35.394,0.9566,3800.3,148530
kodim21.png,pw_lab,128,35.918,0.9566,7500.1,174209
kodim21.png,pw_lab_now,128,35.933,0.957,7439.1,174732
kodim21.png,pw_rgb_w,128,37.824,0.9734,8843.1,192230
kodim21.png,pw_lab,256,37.983,0.972,14782.5,222762
kodim21.png,pw_lab_now,256,37.952,0.9721,15838.6,222772
kodim21.png,pw_rgb_w,256,40.087,0.9838,14441.1,241304
kodim22.png,pw_lab,16,26.745,0.7653,1213.7,73614
kodim22.png,pw_lab_now,16,26.722,0.7658,1154.1,73582
kodim22.png,pw_rgb_w,16,28.462,0.8472,1018.0,89963
kodim22.png,pw_lab,32,28.88,0.8182,2158.2,97368
kodim22.png,pw_lab_now,32,28.855,0.8195,2410.9,97605
kodim22.png,pw_rgb_w,32,31.176,0.8901,2312.3,119292
kodim22.png,pw_lab,64,31.447,0.8776,4621.8,133083
kodim22.png,pw_lab_now,64,31.348,0.8771,3926.5,133880
kodim22.png,pw_rgb_w,64,33.584,0.9254,3898.3,157181
kodim22.png,pw_lab,128,33.374,0.9127,7771.6,179583
kodim22.png,pw_lab_now,128,33.38,0.9131,8246.5,178931
kodim22.png,pw_rgb_w,128,35.551,0.9503,7903.3,205722
kodim22.png,pw_lab,256,35.137,0.9396,14705.5,235015
kodim22.png,pw_lab_now,256,35.113,0.9401,16154.0,234497
kodim22.png,pw_rgb_w,256,37.48,0.9667,15097.0,259540
kodim23.png,pw_lab,16,24.825,0.7334,1340.7,32124
kodim23.png,pw_lab_now,16,24.833,0.7329,1326.4,31672
kodim23.png,pw_rgb_w,16,26.451,0.7676,1231.4,42292
kodim23.png,pw_lab,32,26.879,0.7615,2304.6,46918
kodim23.png,pw_lab_now,32,26.89,0.7606,2155.9,46264
kodim23.png,pw_rgb_w,32,28.624,0.816,1906.5,60441
kodim23.png,pw_lab,64,29.423,0.805,4000.2,66030
kodim23.png,pw_lab_now,64,29.401,0.8025,3844.6,67252
kodim23.png,pw_rgb_w,64,31.197,0.8621,3739.4,82398
kodim23.png,pw_lab,128,31.448,0.8459,7785.9,95063
kodim23.png,pw_lab_now,128,31.494,0.8466,8653.2,95487
kodim23.png,pw_rgb_w,128,33.599,0.8974,7565.6,112466
kodim23.png,pw_lab,256,33.739,0.8877,15757.5,131593
kodim23.png,pw_lab_now,256,33.747,0.8878,15615.3,131522
kodim23.png,pw_rgb_w,256,35.906,0.9325,15871.1,152531
kodim24.png,pw_lab,16,27.699,0.8589,1407.0,87166
kodim24.png,pw_lab_now,16,27.816,0.8657,1201.3,89252
kodim24.png,pw_rgb_w,16,29.785,0.9273,1039.7,105082
kodim24.png,pw_lab,32,30.332,0.9049,1953.4,111366
kodim24.png,pw_lab_now,32,30.298,0.906,2020.7,112649
kodim24.png,pw_rgb_w,32,32.185,0.9418,1868.4,135936
kodim24.png,pw_lab,64,32.518,0.9347,3932.4,144412
kodim24.png,pw_lab_now,64,32.5,0.9344,3727.3,144863
kodim24.png,pw_rgb_w,64,34.241,0.9616,3722.9,170373
kodim24.png,pw_lab,128,34.411,0.9555,8530.2,186916
kodim24.png,pw_lab_now,128,34.294,0.9539,7524.8,185359
kodim24.png,pw_rgb_w,128,36.608,0.9741,7655.2,214967
kodim24.png,pw_lab,256,36.194,0.9696,16557.6,240007
kodim24.png,pw_lab_now,256,36.223,0.9695,15203.6,240432
kodim24.png,pw_rgb_w,256,38.575,0.9837,16004.8,268518
